pdf name,checked,gri,page nbr,table nbr,question,question_type,question_type_ext,value,row indices,col indices,row/column spanning,firstk,fn_details
['axa_2023.pdf'],1,306,[183],[0],What is the average total waste in tons for the years 2022 and 2023?,QuantitativeResponseGenerator,average,4710.0,"[33, 33]","[3, 4]",0,,"{'type': 'function', 'name': 'average', 'args': [{'name': 'values', 'default': None}, {'name': 'to_str', 'default': True}], 'keywords': {}}"
['axa_2023.pdf'],1,306,[183],[0],What is the increase in the amount of unsorted waste (in tons) from 2022 to 2023?,QuantitativeResponseGenerator,increase_difference,802.0,"[34, 34]","[4, 3]",0,,"{'type': 'function', 'name': 'increase_difference', 'args': [{'name': 'values', 'default': None}, {'name': 'to_str', 'default': True}], 'keywords': {}}"
['axa_2023.pdf'],1,306,[183],[0],What is the sum of the total waste in tons for the years 2022 and 2023?,QuantitativeResponseGenerator,sum,9420.0,"[33, 33]","[4, 3]",0,,"{'type': 'function', 'name': 'sum', 'args': [{'name': 'values', 'default': None}, {'name': 'to_str', 'default': True}], 'keywords': {}}"
['axa_2023.pdf'],1,306,[183],[0],What is the percentage reduction in the amount of unsorted waste from 2022 to 2023?,QuantitativeResponseGenerator,reduction_percentage,29.09,"[34, 34]","[4, 3]",0,,"{'type': 'function', 'name': 'reduction_percentage', 'args': [{'name': 'values', 'default': None}, {'name': 'to_str', 'default': True}], 'keywords': {}}"
['axa_2023.pdf'],1,306,[183],[0],What is the difference in total waste (T) from 2022 to 2023?,QuantitativeResponseGenerator,increase_difference,720.0,"[33, 33]","[4, 3]",0,,"{'type': 'function', 'name': 'increase_difference', 'args': [{'name': 'values', 'default': None}, {'name': 'to_str', 'default': True}], 'keywords': {}}"
['NYSE_TTE_2023.pdf'],1,305,[306],[3],What is the average intensity of GHG emissions (Scope 1+2) of operated upstream oil and gas activities and on equity basis for the year 2022?,QuantitativeResponseGenerator,average,18.0,"[3, 4]","[3, 3]",1,,"{'type': 'function', 'name': 'average', 'args': [{'name': 'values', 'default': None}, {'name': 'to_str', 'default': True}], 'keywords': {}}"
['NYSE_TTE_2023.pdf'],1,305,[306],[3],What is the increase between the intensity of GHG emissions (Scope 1+2) of operated upstream oil & gas activities in 2023 and 2022?,QuantitativeResponseGenerator,increase_difference,0.0,"[3, 3]","[2, 3]",0,,"{'type': 'function', 'name': 'increase_difference', 'args': [{'name': 'values', 'default': None}, {'name': 'to_str', 'default': True}], 'keywords': {}}"
['NYSE_TTE_2023.pdf'],1,305,[306],[3],What is the sum of intensity of GHG emissions (Scope 1+2) of operated upstream oil and gas activities and on equity basis for the year 2021?,QuantitativeResponseGenerator,sum,36.0,"[3, 4]","[4, 4]",1,,"{'type': 'function', 'name': 'sum', 'args': [{'name': 'values', 'default': None}, {'name': 'to_str', 'default': True}], 'keywords': {}}"
['NYSE_TTE_2023.pdf'],1,305,[306],[3],What is the percentage reduction in the intensity of GHG emissions (Scope 1+2) of upstream oil and gas activities on an equity basis from 2021 to 2023?,QuantitativeResponseGenerator,reduction_percentage,5.26,"[4, 4]","[4, 2]",0,,"{'type': 'function', 'name': 'reduction_percentage', 'args': [{'name': 'values', 'default': None}, {'name': 'to_str', 'default': True}], 'keywords': {}}"
['NYSE_TTE_2023.pdf'],1,305,[306],[3],What is the reduction between the intensity of methane emissions from operated oil and gas facilities (Upstream) in 2023 and 2021?,QuantitativeResponseGenerator,reduction_difference,0.02,"[5, 5]","[2, 4]",0,,"{'type': 'function', 'name': 'reduction_difference', 'args': [{'name': 'values', 'default': None}, {'name': 'to_str', 'default': True}], 'keywords': {}}"
['NYSE_TTE_2023.pdf'],1,305,[306],[3],What is the percentage reduction in the intensity of methane emissions from operated oil and gas facilities (Upstream) when comparing the values from 2021 to 2022?,QuantitativeResponseGenerator,reduction_percentage,15.38,"[5, 5]","[4, 3]",0,,"{'type': 'function', 'name': 'reduction_percentage', 'args': [{'name': 'values', 'default': None}, {'name': 'to_str', 'default': True}], 'keywords': {}}"
['NYSE_TTE_2023.pdf'],1,305,[306],[3],"What is the average intensity of methane emissions from operated oil and gas facilities (Upstream) for the years 2023, 2022, 2021, and 2015?",QuantitativeResponseGenerator,average,0.14,"[5, 5, 5, 5]","[2, 3, 4, 5]",0,,"{'type': 'function', 'name': 'average', 'args': [{'name': 'values', 'default': None}, {'name': 'to_str', 'default': True}], 'keywords': {}}"
['NYSE_TTE_2023.pdf'],1,305,[306],[3],What is the increase in the intensity of methane emissions from operated oil and gas facilities (Upstream) between the years 2015 and 2022?,QuantitativeResponseGenerator,increase_difference,-0.12,"[5, 5]","[5, 3]",0,,"{'type': 'function', 'name': 'increase_difference', 'args': [{'name': 'values', 'default': None}, {'name': 'to_str', 'default': True}], 'keywords': {}}"
['NYSE_TTE_2023.pdf'],1,302,[381],[0],What is the average net primary energy consumption (in TWh) from the years 2015 to 2023?,QuantitativeResponseGenerator,average,155.17,"[25, 25, 25, 25, 25, 25]","[2, 3, 4, 5, 6, 7]",0,,"{'type': 'function', 'name': 'average', 'args': [{'name': 'values', 'default': None}, {'name': 'to_str', 'default': True}], 'keywords': {}}"
['NYSE_TTE_2023.pdf'],1,302,[381],[0],What is the increase in renewable energy consumption (TWh) between the years 2021 and 2023?,QuantitativeResponseGenerator,increase_difference,1.0,"[26, 26]","[7, 5]",0,,"{'type': 'function', 'name': 'increase_difference', 'args': [{'name': 'values', 'default': None}, {'name': 'to_str', 'default': True}], 'keywords': {}}"
['NYSE_TTE_2023.pdf'],1,302,[381],[0],What is the total sum of the net primary energy consumption (in TWh) from the years 2015 to 2023?,QuantitativeResponseGenerator,sum,931.0,"[25, 25, 25, 25, 25, 25]","[2, 3, 4, 5, 6, 7]",0,,"{'type': 'function', 'name': 'sum', 'args': [{'name': 'values', 'default': None}, {'name': 'to_str', 'default': True}], 'keywords': {}}"
['NYSE_TTE_2023.pdf'],1,302,[381],[0],What is the percentage increase in the number of operated sites with annual consumption greater than 50 ktoe from 2020 to 2023?,QuantitativeResponseGenerator,increase_percentage,2.38,"[30, 30]","[7, 4]",0,,"{'type': 'function', 'name': 'increase_percentage', 'args': [{'name': 'values', 'default': None}, {'name': 'to_str', 'default': True}], 'keywords': {}}"
['NYSE_TTE_2023.pdf'],1,302,[381],[0],What is the reduction between the Global Energy Efficiency Indicator (GEEI) values for the years 2022 and 2020?,QuantitativeResponseGenerator,reduction_difference,5.1,"[27, 27]","[6, 4]",0,,"{'type': 'function', 'name': 'reduction_difference', 'args': [{'name': 'values', 'default': None}, {'name': 'to_str', 'default': True}], 'keywords': {}}"
['NYSE_TTE_2023.pdf'],1,302,[381],[0],What is the percentage decrease in the Global Energy Efficiency Indicator (GEEI) from 2015 to 2021?,QuantitativeResponseGenerator,reduction_percentage,4.19,"[27, 27]","[2, 5]",0,,"{'type': 'function', 'name': 'reduction_percentage', 'args': [{'name': 'values', 'default': None}, {'name': 'to_str', 'default': True}], 'keywords': {}}"
['NYSE_TTE_2023.pdf'],1,302,[381],[0],What is the average value of the Global Energy Efficiency Indicator (GEEI) from 2015 to 2023?,QuantitativeResponseGenerator,average,87.92,"[27, 27, 27, 27, 27, 27]","[2, 3, 4, 5, 6, 7]",0,,"{'type': 'function', 'name': 'average', 'args': [{'name': 'values', 'default': None}, {'name': 'to_str', 'default': True}], 'keywords': {}}"
['NYSE_TTE_2023.pdf'],1,302,[381],[0],What is the decrease in the Global Energy Efficiency Indicator (GEEI) from 2019 to 2021?,QuantitativeResponseGenerator,reduction_difference,1.0,"[27, 27]","[3, 5]",0,,"{'type': 'function', 'name': 'reduction_difference', 'args': [{'name': 'values', 'default': None}, {'name': 'to_str', 'default': True}], 'keywords': {}}"
['NYSE_TTE_2023.pdf'],1,302,[381],[0],"What is the sum of the Global Energy Efficiency Indicator (GEEI) values for the years 2015, 2019, 2020, 2021, 2022, and 2023?",QuantitativeResponseGenerator,sum,527.5,"[27, 27, 27, 27, 27, 27]","[2, 3, 4, 5, 6, 7]",0,,"{'type': 'function', 'name': 'sum', 'args': [{'name': 'values', 'default': None}, {'name': 'to_str', 'default': True}], 'keywords': {}}"
['NYSE_TTE_2023.pdf'],1,303,[387],[0],What is the difference between the fresh water withdrawals (excluding open loop cooling water) and the fresh water consumption in 2021?,QuantitativeResponseGenerator,reduction_difference,21.0,"[13, 15]","[5, 5]",1,,"{'type': 'function', 'name': 'reduction_difference', 'args': [{'name': 'values', 'default': None}, {'name': 'to_str', 'default': True}], 'keywords': {}}"
['NYSE_TTE_2023.pdf'],1,305,[387],[0],"What is the sum of the SO2 emissions, NOx emissions and NMVOC emissions for the year 2021?",QuantitativeResponseGenerator,sum,133.0,"[3, 4, 5]","[5, 5, 5]",1,,"{'type': 'function', 'name': 'sum', 'args': [{'name': 'values', 'default': None}, {'name': 'to_str', 'default': True}], 'keywords': {}}"
['NYSE_TTE_2023.pdf'],1,303,[387],[0],What is the reduction in offshore continuous water discharges hydrocarbon content from the year 2020 to 2022?,QuantitativeResponseGenerator,reduction_difference,-0.1,"[8, 8]","[4, 6]",0,,"{'type': 'function', 'name': 'reduction_difference', 'args': [{'name': 'values', 'default': None}, {'name': 'to_str', 'default': True}], 'keywords': {}}"
['NYSE_TTE_2023.pdf'],1,303,[387],[0],What is the increase in the percentage of sites that meet the target for offshore discharges quality from 2020 to 2021?,QuantitativeResponseGenerator,increase_difference,8.0,"[9, 9]","[5, 4]",0,,"{'type': 'function', 'name': 'increase_difference', 'args': [{'name': 'values', 'default': None}, {'name': 'to_str', 'default': True}], 'keywords': {}}"
['NYSE_TTE_2023.pdf'],1,303,[387],[0],What is the average value of onshore continuous water discharges hydrocarbon content for the years 2021 and 2022?,QuantitativeResponseGenerator,average,2.2,"[10, 10]","[6, 5]",0,,"{'type': 'function', 'name': 'average', 'args': [{'name': 'values', 'default': None}, {'name': 'to_str', 'default': True}], 'keywords': {}}"
['NYSE_TTE_2023.pdf'],1,305,[619],[1],What is the decrease in the lifecycle carbon intensity of energy products used by customers from 2022 to 2023?,QuantitativeResponseGenerator,reduction_difference,1.0,"[2, 2]","[3, 4]",0,,"{'type': 'function', 'name': 'reduction_difference', 'args': [{'name': 'values', 'default': None}, {'name': 'to_str', 'default': True}], 'keywords': {}}"
['NYSE_TTE_2023.pdf'],1,305,[619],[1],"What is the sum of the intensity of GHG emissions (Scope 1+2) of operated Upstream oil & gas activities for the years 2023, 2022, 2021, and 2015?",QuantitativeResponseGenerator,sum,72.0,"[3, 3, 3, 3]","[3, 4, 5, 6]",0,,"{'type': 'function', 'name': 'sum', 'args': [{'name': 'values', 'default': None}, {'name': 'to_str', 'default': True}], 'keywords': {}}"
['NYSE_TTE_2023.pdf'],1,305,[619],[0],What is the difference between the total Scope 3 GHG emissions and those related to Europe alone in 2015?,QuantitativeResponseGenerator,reduction_difference,154.0,"[2, 3]","[6, 6]",1,,"{'type': 'function', 'name': 'reduction_difference', 'args': [{'name': 'values', 'default': None}, {'name': 'to_str', 'default': True}], 'keywords': {}}"
['NYSE_TTE_2023.pdf'],1,305,[619],[0],What is the percentage decrease in the GHG emissions from Gas in 2023 compared to 2022?,QuantitativeResponseGenerator,reduction_percentage,4.62,"[6, 6]","[4, 3]",0,,"{'type': 'function', 'name': 'reduction_percentage', 'args': [{'name': 'values', 'default': None}, {'name': 'to_str', 'default': True}], 'keywords': {}}"
['NYSE_TTE_2023.pdf'],1,305,[619],[0],What is the sum of GHG emissions from Biofuels and Gas in 2022?,QuantitativeResponseGenerator,sum,134.0,"[5, 6]","[4, 4]",1,,"{'type': 'function', 'name': 'sum', 'args': [{'name': 'values', 'default': None}, {'name': 'to_str', 'default': True}], 'keywords': {}}"
['NYSE_TTE_2023.pdf'],1,305,[619],[0],What is the average between GHG emissions from Biofuels and Gas in 2022?,QuantitativeResponseGenerator,average,67.0,"[6, 5]","[4, 4]",1,,"{'type': 'function', 'name': 'average', 'args': [{'name': 'values', 'default': None}, {'name': 'to_str', 'default': True}], 'keywords': {}}"
['NYSE_TTE_2023.pdf'],1,305,[619],[0],What is the difference between GHG emissions from Oil in 2015 compared to the emissions from Gas in the same year?,QuantitativeResponseGenerator,reduction_difference,290.0,"[4, 6]","[6, 6]",1,,"{'type': 'function', 'name': 'reduction_difference', 'args': [{'name': 'values', 'default': None}, {'name': 'to_str', 'default': True}], 'keywords': {}}"
['NYSE_TTE_2023.pdf'],1,305,[306],[1],What is the sum of gas-related GHG emissions and petroleum products emissions for the year 2015?,QuantitativeResponseGenerator,sum,410.0,"[4, 6]","[6, 6]",1,,"{'type': 'function', 'name': 'sum', 'args': [{'name': 'values', 'default': None}, {'name': 'to_str', 'default': True}], 'keywords': {}}"
['NYSE_TTE_2023.pdf'],1,305,[306],[1],What is the percentage increase in indirect GHG emissions from gas between the years 2021 and 2023?,QuantitativeResponseGenerator,increase_percentage,7.83,"[6, 6]","[3, 5]",0,,"{'type': 'function', 'name': 'increase_percentage', 'args': [{'name': 'values', 'default': None}, {'name': 'to_str', 'default': True}], 'keywords': {}}"
['NYSE_TTE_2023.pdf'],1,305,[306],[1],"What is the total of the indirect GHG emissions from gas for the years 2023, 2022, 2021, and 2015?",QuantitativeResponseGenerator,sum,429.0,"[6, 6, 6, 6]","[3, 4, 5, 6]",0,,"{'type': 'function', 'name': 'sum', 'args': [{'name': 'values', 'default': None}, {'name': 'to_str', 'default': True}], 'keywords': {}}"
['NYSE_TTE_2023.pdf'],1,305,[306],[2],What is the average lifecycle carbon intensity of energy products sold between the years 2021 and 2023?,QuantitativeResponseGenerator,average,88.33,"[2, 2, 2]","[3, 4, 5]",0,,"{'type': 'function', 'name': 'average', 'args': [{'name': 'values', 'default': None}, {'name': 'to_str', 'default': True}], 'keywords': {}}"
['NYSE_TTE_2023.pdf'],1,305,[383],[1],"What is the difference between the indirect GHG emissions from ""Cat 1 Purchased goods and services"" in 2022 and ""Cat 9 Downstream transportation"" in the same year?",QuantitativeResponseGenerator,reduction_difference,29.0,"[3, 11]","[3, 3]",1,,"{'type': 'function', 'name': 'reduction_difference', 'args': [{'name': 'values', 'default': None}, {'name': 'to_str', 'default': True}], 'keywords': {}}"
['NYSE_TTE_2023.pdf'],1,305,[383],[1],"What is the total estimate of indirect GHG emissions from the categories of Purchased goods and services, Fuel-and-energy-related activities, Upstream transportation, Downstream transportation, Processing of sold products, Use of sold products, and End of life treatment of sold products for the year 2023?",QuantitativeResponseGenerator,sum,410.0,"[3, 5, 6, 11, 12, 13, 14]","[4, 4, 4, 4, 4, 4, 4, 4, 4]",1,,"{'type': 'function', 'name': 'sum', 'args': [{'name': 'values', 'default': None}, {'name': 'to_str', 'default': True}], 'keywords': {}}"
['NYSE_TTE_2023.pdf'],1,305,[383],[1],"What is the percentage increase in indirect GHG emissions from the category ""Cat 3 Fuel-and-energy-related activities"" when comparing the values for the years 2023 and 2022?",QuantitativeResponseGenerator,increase_percentage,33.33,"[5, 5]","[3, 4]",0,,"{'type': 'function', 'name': 'increase_percentage', 'args': [{'name': 'values', 'default': None}, {'name': 'to_str', 'default': True}], 'keywords': {}}"
['NYSE_TTE_2023.pdf'],1,305,[383],[1],"What is the reduction in indirect GHG emissions from the category ""Upstream transportation"" when comparing the values for the years 2022 and 2023?",QuantitativeResponseGenerator,reduction_difference,1.0,"[6, 6]","[3, 4]",0,,"{'type': 'function', 'name': 'reduction_difference', 'args': [{'name': 'values', 'default': None}, {'name': 'to_str', 'default': True}], 'keywords': {}}"
['NYSE_TTE_2023.pdf'],1,305,[383],[1],"What is the sum of the indirect GHG emissions for the category ""Downstream transportation"" in the years 2022 and 2023?",QuantitativeResponseGenerator,sum,2.0,"[11, 11]","[3, 4]",0,,"{'type': 'function', 'name': 'sum', 'args': [{'name': 'values', 'default': None}, {'name': 'to_str', 'default': True}], 'keywords': {}}"
['NYSE_TTE_2023.pdf'],1,305,[383],[1],"What is the average of the GHG emissions in Mt CO2e for ""End of life treatment of sold products"" and ""Waste generated in operations"" for the year 2023?",QuantitativeResponseGenerator,average,5.5,"[14, 7]","[4, 4]",1,,"{'type': 'function', 'name': 'average', 'args': [{'name': 'values', 'default': None}, {'name': 'to_str', 'default': True}], 'keywords': {}}"
['NYSE_TTE_2023.pdf'],1,305,[383],[1],"What is the average of the indirect GHG emissions from ""Cat 3 Fuel-and-energy-related activities"" for the years 2022 and 2023?",QuantitativeResponseGenerator,average,3.5,"[5, 5]","[3, 4]",0,,"{'type': 'function', 'name': 'average', 'args': [{'name': 'values', 'default': None}, {'name': 'to_str', 'default': True}], 'keywords': {}}"
['NYSE_TTE_2023.pdf'],1,305,[383],[1],What is the reduction in indirect GHG emissions from upstream transportation between the years 2022 and 2023?,QuantitativeResponseGenerator,reduction_difference,1.0,"[6, 6]","[3, 4]",0,,"{'type': 'function', 'name': 'reduction_difference', 'args': [{'name': 'values', 'default': None}, {'name': 'to_str', 'default': True}], 'keywords': {}}"
['NYSE_TTE_2023.pdf'],1,305,[383],[1],"What is the sum of indirect GHG emissions from the category ""Purchased goods and services"" for the years 2022 and 2023?",QuantitativeResponseGenerator,sum,57.0,"[3, 3]","[3, 4]",0,,"{'type': 'function', 'name': 'sum', 'args': [{'name': 'values', 'default': None}, {'name': 'to_str', 'default': True}], 'keywords': {}}"
['NYSE_TTE_2023.pdf'],1,305,[383],[1],What is the average of indirect GHG emissions in Mt CO2e for the upstream and downstream transportation for the year 2022?,QuantitativeResponseGenerator,average,5.0,"[6, 11]","[3, 3]",1,,"{'type': 'function', 'name': 'average', 'args': [{'name': 'values', 'default': None}, {'name': 'to_str', 'default': True}], 'keywords': {}}"
['NYSE_TTE_2023.pdf'],1,305,[383],[1],"What is the total amount of indirect GHG emissions (in Mt CO2e) for the year 2023, calculated by summing all the reported values in the table, excluding values less than 1 and any unspecified values?",QuantitativeResponseGenerator,sum,414.0,"[3, 4, 5, 6, 7, 11, 12, 13, 14]","[4, 4, 4, 4, 4, 4, 4, 4, 4]",1,,"{'type': 'function', 'name': 'sum', 'args': [{'name': 'values', 'default': None}, {'name': 'to_str', 'default': True}], 'keywords': {}}"
['NYSE_TTE_2023.pdf'],1,306,[387],[3],What is the difference between the total volume of processed waste compared to the non-hazardous waste in 2019?,QuantitativeResponseGenerator,reduction_difference,287.0,"[3, 4]","[3, 3]",1,,"{'type': 'function', 'name': 'reduction_difference', 'args': [{'name': 'values', 'default': None}, {'name': 'to_str', 'default': True}], 'keywords': {}}"
['NYSE_TTE_2023.pdf'],1,306,[387],[3],What is the percentage reduction in the volume of hazardous waste from 2019 to 2020?,QuantitativeResponseGenerator,reduction_percentage,31.25,"[5, 5]","[3, 4]",0,,"{'type': 'function', 'name': 'reduction_percentage', 'args': [{'name': 'values', 'default': None}, {'name': 'to_str', 'default': True}], 'keywords': {}}"
['NYSE_TTE_2023.pdf'],1,306,[387],[3],What is the percentage reduction in the volume of non-hazardous waste from 2019 to 2021?,QuantitativeResponseGenerator,reduction_percentage,10.67,"[4, 4]","[3, 5]",0,,"{'type': 'function', 'name': 'reduction_percentage', 'args': [{'name': 'values', 'default': None}, {'name': 'to_str', 'default': True}], 'keywords': {}}"
['NYSE_TTE_2023.pdf'],1,306,[387],[3],What is the reduction in the volume of hazardous waste from 2020 to 2022?,QuantitativeResponseGenerator,reduction_difference,22.0,"[5, 5]","[6, 4]",0,,"{'type': 'function', 'name': 'reduction_difference', 'args': [{'name': 'values', 'default': None}, {'name': 'to_str', 'default': True}], 'keywords': {}}"
['NYSE_TTE_2023.pdf'],1,306,[387],[3],What is the average waste percentage reuse from 2019 to 2023?,QuantitativeResponseGenerator,average,61.4,"[6, 6, 6, 6, 6]","[3, 4, 5, 6, 7]",0,,"{'type': 'function', 'name': 'average', 'args': [{'name': 'values', 'default': None}, {'name': 'to_str', 'default': True}], 'keywords': {}}"
['NYSE_TTE_2023.pdf'],1,306,[387],[3],What is the average amount of hazardous waste processed in the years 2021 and 2023?,QuantitativeResponseGenerator,average,183.5,"[5, 5]","[7, 5]",0,,"{'type': 'function', 'name': 'average', 'args': [{'name': 'values', 'default': None}, {'name': 'to_str', 'default': True}], 'keywords': {}}"
['NYSE_TTE_2023.pdf'],1,305,[383],[0],What is the average of the indirect GHG Scope 3 emissions in Mt CO2e from 2020 to 2023?,QuantitativeResponseGenerator,average,386.0,"[2, 2, 2, 2]","[5, 6, 7, 8]",0,,"{'type': 'function', 'name': 'average', 'args': [{'name': 'values', 'default': None}, {'name': 'to_str', 'default': True}], 'keywords': {}}"
['NYSE_TTE_2023.pdf'],1,305,[383],[0],What is the difference between the total Scope 3 indirect GHG emissions in 2023 and the emissions produced in Europe in the same year?,QuantitativeResponseGenerator,reduction_difference,139.0,"[2, 3]","[8, 8]",1,,"{'type': 'function', 'name': 'reduction_difference', 'args': [{'name': 'values', 'default': None}, {'name': 'to_str', 'default': True}], 'keywords': {}}"
['NYSE_TTE_2023.pdf'],1,305,[383],[0],What is the difference between emissions derived from petroleum and gas products in 2015?,QuantitativeResponseGenerator,reduction_difference,290.0,"[5, 8]","[3, 3]",1,,"{'type': 'function', 'name': 'reduction_difference', 'args': [{'name': 'values', 'default': None}, {'name': 'to_str', 'default': True}], 'keywords': {}}"
['NYSE_TTE_2023.pdf'],1,305,[383],[0],What is the percentage reduction of Scope 3 GHG emissions from 2022 to 2023?,QuantitativeResponseGenerator,reduction_percentage,8.74,"[2, 2]","[7, 8]",0,,"{'type': 'function', 'name': 'reduction_percentage', 'args': [{'name': 'values', 'default': None}, {'name': 'to_str', 'default': True}], 'keywords': {}}"
['NYSE_TTE_2023.pdf'],1,305,[383],[0],What is the average of the indirect GHG emissions in Mt CO2e from petroleum products and gas in 2019?,QuantitativeResponseGenerator,average,205.0,"[5, 8]","[4, 4]",1,,"{'type': 'function', 'name': 'average', 'args': [{'name': 'values', 'default': None}, {'name': 'to_str', 'default': True}], 'keywords': {}}"
['NYSE_TTE_2023.pdf'],1,305,[383],[0],What is the sum of scope 3 GHG emissions in the last 3 years?,QuantitativeResponseGenerator,sum,1144.0,"[2, 2, 2]","[6, 7, 8]",0,,"{'type': 'function', 'name': 'sum', 'args': [{'name': 'values', 'default': None}, {'name': 'to_str', 'default': True}], 'keywords': {}}"
['NYSE_TTE_2023.pdf'],1,305,[383],[0],What is the percentage difference in indirect GHG emissions from gas in 2022 compared to the emissions from biofuels in the same year?,QuantitativeResponseGenerator,reduction_percentage,96.92,"[8, 7]","[7, 7]",1,,"{'type': 'function', 'name': 'reduction_percentage', 'args': [{'name': 'values', 'default': None}, {'name': 'to_str', 'default': True}], 'keywords': {}}"
['NYSE_TTE_2023.pdf'],1,305,[383],[0],"What is the average of indirect GHG emissions from petroleum, biofuels and gas in 2023?",QuantitativeResponseGenerator,average,118.33,"[5, 7, 8]","[8, 8, 8]",1,,"{'type': 'function', 'name': 'average', 'args': [{'name': 'values', 'default': None}, {'name': 'to_str', 'default': True}], 'keywords': {}}"
['NYSE_TTE_2023.pdf'],1,305,[383],[0],What is the percentage reduction of indirect GHG emissions from petroleum products in 2023 compared to 2022?,QuantitativeResponseGenerator,reduction_percentage,10.63,"[5, 5]","[7, 8]",0,,"{'type': 'function', 'name': 'reduction_percentage', 'args': [{'name': 'values', 'default': None}, {'name': 'to_str', 'default': True}], 'keywords': {}}"
['NYSE_TTE_2023.pdf'],1,305,[383],[0],What is the difference between all scope 3 GHG emissions and emissions derived from petroleum products in 2020?,QuantitativeResponseGenerator,reduction_difference,80.0,"[2, 5]","[5, 5]",1,,"{'type': 'function', 'name': 'reduction_difference', 'args': [{'name': 'values', 'default': None}, {'name': 'to_str', 'default': True}], 'keywords': {}}"
['NYSE_TTE_2023.pdf'],1,305,[383],[0],What is the sum of the indirect GHG emissions from Europe in Mt CO2e for the years 2022 and 2023?,QuantitativeResponseGenerator,sum,407.0,"[3, 3]","[7, 8]",0,,"{'type': 'function', 'name': 'sum', 'args': [{'name': 'values', 'default': None}, {'name': 'to_str', 'default': True}], 'keywords': {}}"
['NYSE_TTE_2023.pdf'],1,305,[383],[0],What is the average percentage reduction of indirect GHG emissions from petroleum products in the last 3 years compared to 2015?,QuantitativeResponseGenerator,average,27.0,"[6, 6, 6]","[6, 7, 8]",0,,"{'type': 'function', 'name': 'average', 'args': [{'name': 'values', 'default': None}, {'name': 'to_str', 'default': True}], 'keywords': {}}"
['NYSE_TTE_2023.pdf'],1,305,[383],[0],What is the average of the indirect GHG emissions from biofuels in 2022 and 2023?,QuantitativeResponseGenerator,average,4.0,"[7, 7]","[7, 8]",0,,"{'type': 'function', 'name': 'average', 'args': [{'name': 'values', 'default': None}, {'name': 'to_str', 'default': True}], 'keywords': {}}"
['NYSE_TTE_2023.pdf'],1,305,[383],[0],What is the difference in indirect GHG emissions from petroleum products compared to gas in the year 2023?,QuantitativeResponseGenerator,reduction_difference,103.0,"[5, 8]","[8, 8]",1,,"{'type': 'function', 'name': 'reduction_difference', 'args': [{'name': 'values', 'default': None}, {'name': 'to_str', 'default': True}], 'keywords': {}}"
['NYSE_TTE_2023.pdf'],1,306,[387],[3],What is the sum of the hazardous and non-hazardous waste for the year 2021?,QuantitativeResponseGenerator,sum,500.0,"[4, 5]","[5, 5]",1,,"{'type': 'function', 'name': 'sum', 'args': [{'name': 'values', 'default': None}, {'name': 'to_str', 'default': True}], 'keywords': {}}"
['NYSE_TTE_2023.pdf'],1,306,[387],[3],What is the average volume of non-hazardous waste processed by the company from 2019 to 2023?,QuantitativeResponseGenerator,average,330.8,"[4, 4, 4, 4, 4]","[3, 4, 5, 6, 7]",0,,"{'type': 'function', 'name': 'average', 'args': [{'name': 'values', 'default': None}, {'name': 'to_str', 'default': True}], 'keywords': {}}"
['NYSE_TTE_2023.pdf'],1,306,[387],[3],What is the increase in the volume of hazardous waste from 2022 to 2023?,QuantitativeResponseGenerator,increase_difference,26.0,"[5, 5]","[6, 7]",0,,"{'type': 'function', 'name': 'increase_difference', 'args': [{'name': 'values', 'default': None}, {'name': 'to_str', 'default': True}], 'keywords': {}}"
['NYSE_TTE_2023.pdf'],1,306,[387],[3],What is the total volume of hazardous waste processed by the company from 2019 to 2023?,QuantitativeResponseGenerator,sum,1029.0,"[5, 5, 5, 5, 5]","[3, 4, 5, 6, 7]",0,,"{'type': 'function', 'name': 'sum', 'args': [{'name': 'values', 'default': None}, {'name': 'to_str', 'default': True}], 'keywords': {}}"
['NYSE_TTE_2023.pdf'],1,305,[306],[3],"What is the total GHG emissions intensity for 2022, combining operated upstream oil and gas activities and equity-based upstream oil and gas activities?",QuantitativeResponseGenerator,sum,36.0,"[3, 4]","[3, 3]",1,,"{'type': 'function', 'name': 'sum', 'args': [{'name': 'values', 'default': None}, {'name': 'to_str', 'default': True}], 'keywords': {}}"
['NYSE_TTE_2023.pdf'],1,305,[306],[3],What is the average intensity of GHG emissions of operated upstream oil and gas activities and on equity basis for the year 2023?,QuantitativeResponseGenerator,average,17.5,"[3, 4]","[2, 2]",1,,"{'type': 'function', 'name': 'average', 'args': [{'name': 'values', 'default': None}, {'name': 'to_str', 'default': True}], 'keywords': {}}"
['NYSE_TTE_2023.pdf'],1,305,[306],[3],What is the difference between the GHG emissions of operated upstream oil and gas activities and the those from upstream oil and gas activities on an equity basis for the year 2022?,QuantitativeResponseGenerator,reduction_difference,-2.0,"[3, 4]","[3, 3]",1,,"{'type': 'function', 'name': 'reduction_difference', 'args': [{'name': 'values', 'default': None}, {'name': 'to_str', 'default': True}], 'keywords': {}}"
['NYSE_TTE_2023.pdf'],1,305,[306],[3],What is the percentage increase in the GHG emissions of operated upstream oil & gas activities from 2021 to 2015?,QuantitativeResponseGenerator,increase_percentage,23.53,"[3, 3]","[4, 5]",0,,"{'type': 'function', 'name': 'increase_percentage', 'args': [{'name': 'values', 'default': None}, {'name': 'to_str', 'default': True}], 'keywords': {}}"
['NYSE_TTE_2023.pdf'],1,305,[306],[3],What is the average intensity of GHG emissions of upstream oil & gas activities on an equity basis for the years 2021 and 2023?,QuantitativeResponseGenerator,average,18.5,"[4, 4]","[4, 2]",0,,"{'type': 'function', 'name': 'average', 'args': [{'name': 'values', 'default': None}, {'name': 'to_str', 'default': True}], 'keywords': {}}"
['NYSE_TTE_2023.pdf'],1,305,[306],[3],What is the difference between the intensity of methane emissions from operated oil and gas facilities in 2023 and 2022?,QuantitativeResponseGenerator,reduction_difference,0.0,"[5, 5]","[2, 3]",0,,"{'type': 'function', 'name': 'reduction_difference', 'args': [{'name': 'values', 'default': None}, {'name': 'to_str', 'default': True}], 'keywords': {}}"
['NYSE_TTE_2023.pdf'],1,305,[306],[3],What is the reduction in the percentage of intensity of methane emissions from operated oil and gas facilities when comparing the values from 2015 to 2023?,QuantitativeResponseGenerator,reduction_difference,0.12,"[5, 5]","[5, 2]",0,,"{'type': 'function', 'name': 'reduction_difference', 'args': [{'name': 'values', 'default': None}, {'name': 'to_str', 'default': True}], 'keywords': {}}"
['NYSE_TTE_2023.pdf'],1,305,[306],[3],What is the sum of the intensity of methane emissions from operated oil and gas facilities in 2021 and 2022?,QuantitativeResponseGenerator,sum,0.24,"[5, 5]","[4, 3]",0,,"{'type': 'function', 'name': 'sum', 'args': [{'name': 'values', 'default': None}, {'name': 'to_str', 'default': True}], 'keywords': {}}"
['NYSE_TTE_2023.pdf'],1,302,[381],[0],What is the sum of the net primary energy consumption in TWh for the years 2021 and 2022?,QuantitativeResponseGenerator,sum,314.0,"[25, 25]","[6, 5]",0,,"{'type': 'function', 'name': 'sum', 'args': [{'name': 'values', 'default': None}, {'name': 'to_str', 'default': True}], 'keywords': {}}"
['NYSE_TTE_2023.pdf'],1,302,[381],[0],What is the percentage increment in renewable energy consumption from 2020 to 2023?,QuantitativeResponseGenerator,increase_percentage,100.0,"[26, 26]","[4, 7]",0,,"{'type': 'function', 'name': 'increase_percentage', 'args': [{'name': 'values', 'default': None}, {'name': 'to_str', 'default': True}], 'keywords': {}}"
['NYSE_TTE_2023.pdf'],1,302,[381],[0],What is the difference in net primary energy consumption (TWh) from 2023 and 2021?,QuantitativeResponseGenerator,increase_difference,9.0,"[25, 25]","[7, 5]",0,,"{'type': 'function', 'name': 'increase_difference', 'args': [{'name': 'values', 'default': None}, {'name': 'to_str', 'default': True}], 'keywords': {}}"
['NYSE_TTE_2023.pdf'],1,302,[381],[0],What is the difference in the Global Energy Efficiency Indicator from the year 2020 to 2022?,QuantitativeResponseGenerator,reduction_difference,5.1,"[27, 27]","[4, 6]",0,,"{'type': 'function', 'name': 'reduction_difference', 'args': [{'name': 'values', 'default': None}, {'name': 'to_str', 'default': True}], 'keywords': {}}"
['NYSE_TTE_2023.pdf'],1,302,[381],[0],What is the percentage change in the Global Energy Efficiency Indicator (GEEI) from 2021 to 2022?,QuantitativeResponseGenerator,increase_percentage,-2.18,"[27, 27]","[5, 6]",0,,"{'type': 'function', 'name': 'increase_percentage', 'args': [{'name': 'values', 'default': None}, {'name': 'to_str', 'default': True}], 'keywords': {}}"
['NYSE_TTE_2023.pdf'],1,302,[381],[0],What is the average of the Global Energy Efficiency Indicator values for the years 2020 and 2021?,QuantitativeResponseGenerator,average,88.6,"[27, 27]","[4, 5]",0,,"{'type': 'function', 'name': 'average', 'args': [{'name': 'values', 'default': None}, {'name': 'to_str', 'default': True}], 'keywords': {}}"
['NYSE_TTE_2023.pdf'],1,302,[381],[0],What is the percentage reduction in the Global Energy Efficiency Indicator from 2015 to 2019?,QuantitativeResponseGenerator,reduction_percentage,3.08,"[27, 27]","[2, 3]",0,,"{'type': 'function', 'name': 'reduction_percentage', 'args': [{'name': 'values', 'default': None}, {'name': 'to_str', 'default': True}], 'keywords': {}}"
['NYSE_TTE_2023.pdf'],1,303,[387],[0],What is the average of the fresh water withdrawals excluding open loop cooling water and the fresh water withdrawal in water stress area for the year 2021?,QuantitativeResponseGenerator,average,77.5,"[13, 14]","[5, 5]",1,,"{'type': 'function', 'name': 'average', 'args': [{'name': 'values', 'default': None}, {'name': 'to_str', 'default': True}], 'keywords': {}}"
['NYSE_TTE_2023.pdf'],1,305,[387],[0],What is the difference in kt between the NOx and NMVOC emissions in 2021?,QuantitativeResponseGenerator,increase_difference,1.0,"[4, 5]","[5, 5]",1,,"{'type': 'function', 'name': 'increase_difference', 'args': [{'name': 'values', 'default': None}, {'name': 'to_str', 'default': True}], 'keywords': {}}"
['NYSE_TTE_2023.pdf'],1,303,[387],[0],What is the percentage reduction in offshore continuous water with hydrocarbon content from 2019 to 2020?,QuantitativeResponseGenerator,reduction_percentage,1.54,"[8, 8]","[3, 4]",0,,"{'type': 'function', 'name': 'reduction_percentage', 'args': [{'name': 'values', 'default': None}, {'name': 'to_str', 'default': True}], 'keywords': {}}"
['NYSE_TTE_2023.pdf'],1,303,[387],[0],What is the percentage increase in the number of sites that meet the target for offshore discharges quality (30 mg/l) from 2019 to 2021?,QuantitativeResponseGenerator,increase_percentage,-8.0,"[9, 9]","[3, 5]",0,,"{'type': 'function', 'name': 'increase_percentage', 'args': [{'name': 'values', 'default': None}, {'name': 'to_str', 'default': True}], 'keywords': {}}"
['NYSE_TTE_2023.pdf'],1,303,[387],[0],What is the sum of the onshore continuous water with hydrocarbon content for the years 2019 and 2022?,QuantitativeResponseGenerator,sum,3.5,"[10, 10]","[6, 3]",0,,"{'type': 'function', 'name': 'sum', 'args': [{'name': 'values', 'default': None}, {'name': 'to_str', 'default': True}], 'keywords': {}}"
['NYSE_TTE_2023.pdf'],1,305,[619],[1],What is the percentage reduction in the lifecycle carbon intensity of energy products used by customers from 2022 to 2023?,QuantitativeResponseGenerator,reduction_percentage,1.14,"[2, 2]","[3, 4]",0,,"{'type': 'function', 'name': 'reduction_percentage', 'args': [{'name': 'values', 'default': None}, {'name': 'to_str', 'default': True}], 'keywords': {}}"
['NYSE_TTE_2023.pdf'],1,305,[619],[1],What is the difference between the intensity of GHG emissions of operated upstream oil and gas activities from 2015 to 2023?,QuantitativeResponseGenerator,reduction_difference,4.0,"[3, 3]","[6, 3]",0,,"{'type': 'function', 'name': 'reduction_difference', 'args': [{'name': 'values', 'default': None}, {'name': 'to_str', 'default': True}], 'keywords': {}}"
['NYSE_TTE_2023.pdf'],1,305,[619],[0],What is the average of the other indirect GHG emissions in Mt CO2e from oil and gas in the year 2015?,QuantitativeResponseGenerator,average,205.0,"[4, 6]","[6, 6]",1,,"{'type': 'function', 'name': 'average', 'args': [{'name': 'values', 'default': None}, {'name': 'to_str', 'default': True}], 'keywords': {}}"
['NYSE_TTE_2023.pdf'],1,305,[619],[0],What is the difference between the GHG emissions from oil and gas in 2015?,QuantitativeResponseGenerator,reduction_difference,290.0,"[4, 6]","[6, 6]",1,,"{'type': 'function', 'name': 'reduction_difference', 'args': [{'name': 'values', 'default': None}, {'name': 'to_str', 'default': True}], 'keywords': {}}"
['NYSE_TTE_2023.pdf'],1,305,[619],[0],What is the difference between the amount of indirect GHG emissions from gas and those from biofuels in 2022 (in Mt CO2e)?,QuantitativeResponseGenerator,reduction_difference,126.0,"[5, 6]","[4, 4]",1,,"{'type': 'function', 'name': 'reduction_difference', 'args': [{'name': 'values', 'default': None}, {'name': 'to_str', 'default': True}], 'keywords': {}}"
['NYSE_TTE_2023.pdf'],1,305,[306],[1],What is the sum of indirect GHG emissions in Mt CO2e derived from petroleum products and gas in the year 2015?,QuantitativeResponseGenerator,sum,410.0,"[4, 6]","[6, 6]",1,,"{'type': 'function', 'name': 'sum', 'args': [{'name': 'values', 'default': None}, {'name': 'to_str', 'default': True}], 'keywords': {}}"
['NYSE_TTE_2023.pdf'],1,305,[306],[1],What is the difference in total indirect GHG emissions compared to the indirect GHG emissions produced in Europe in 2015?,QuantitativeResponseGenerator,reduction_difference,154.0,"[2, 3]","[6, 6]",1,,"{'type': 'function', 'name': 'reduction_difference', 'args': [{'name': 'values', 'default': None}, {'name': 'to_str', 'default': True}], 'keywords': {}}"
['NYSE_TTE_2023.pdf'],1,305,[306],[1],What is the percentage increase in indirect GHG emissions from gas products when comparing the values for the year 2023 to those from 2015?,QuantitativeResponseGenerator,increase_percentage,106.67,"[6, 6]","[3, 6]",0,,"{'type': 'function', 'name': 'reduction_percentage', 'args': [{'name': 'values', 'default': None}, {'name': 'to_str', 'default': True}], 'keywords': {}}"
['NYSE_TTE_2023.pdf'],1,305,[306],[1],What is the difference in indirect GHG emissions from gas between the years 2022 and 2015?,QuantitativeResponseGenerator,reduction_difference,70.0,"[6, 6]","[4, 6]",0,,"{'type': 'function', 'name': 'reduction_difference', 'args': [{'name': 'values', 'default': None}, {'name': 'to_str', 'default': True}], 'keywords': {}}"
['NYSE_TTE_2023.pdf'],1,305,[306],[1],What is the difference in indirect GHG emissions from petroleum products in 2015 compared to gas emissions in the same year?,QuantitativeResponseGenerator,reduction_difference,290.0,"[6, 4]","[6, 6]",1,,"{'type': 'function', 'name': 'reduction_difference', 'args': [{'name': 'values', 'default': None}, {'name': 'to_str', 'default': True}], 'keywords': {}}"
['OTC_SU_2023.pdf'],1,302,[311],[0],"What is the total estimated energy consumption by source in MWh for the year 2023, calculated by summing the values for grid electricity, purchased renewable electricity, district heating, fuel oil, gas, and coal?",QuantitativeResponseGenerator,sum,189522.0,"[5, 6, 8, 9, 10, 11]","[4, 4, 4, 4, 4, 4]",1,,"{'type': 'function', 'name': 'sum', 'args': [{'name': 'values', 'default': None}, {'name': 'to_str', 'default': True}], 'keywords': {}}"
['OTC_SU_2023.pdf'],1,302,[311],[0],What is the percentage reduction in grid electricity consumption from 2022 to 2023?,QuantitativeResponseGenerator,reduction_percentage,13.68,"[5, 5]","[5, 4]",0,,"{'type': 'function', 'name': 'reduction_percentage', 'args': [{'name': 'values', 'default': None}, {'name': 'to_str', 'default': True}], 'keywords': {}}"
['OTC_SU_2023.pdf'],1,302,[311],[0],"What is the average of the measured renewable electricity generated on site and sold back to the grid for the years 2023, 2022, and 2021?",QuantitativeResponseGenerator,average,2593.67,"[2, 2, 2]","[4, 5, 6]",0,,"{'type': 'function', 'name': 'average', 'args': [{'name': 'values', 'default': None}, {'name': 'to_str', 'default': True}], 'keywords': {}}"
['OTC_SU_2023.pdf'],1,302,[311],[0],What is the reduction in grid electricity consumption from 2021 to 2022?,QuantitativeResponseGenerator,reduction_difference,41701.0,"[5, 5]","[6, 5]",0,,"{'type': 'function', 'name': 'reduction_difference', 'args': [{'name': 'values', 'default': None}, {'name': 'to_str', 'default': True}], 'keywords': {}}"
['OTC_SU_2023.pdf'],1,302,[311],[0],What is the percentage increase in measured renewable electricity generated from 2021 to 2023?,QuantitativeResponseGenerator,increase_percentage,15.72,"[2, 2]","[4, 6]",0,,"{'type': 'function', 'name': 'increase_percentage', 'args': [{'name': 'values', 'default': None}, {'name': 'to_str', 'default': True}], 'keywords': {}}"
['OTC_SU_2023.pdf'],1,302,[310],[1],What is the reduction in estimated total energy consumption from 2022 to 2023?,QuantitativeResponseGenerator,reduction_difference,76949.0,"[4, 4]","[5, 4]",0,,"{'type': 'function', 'name': 'reduction_difference', 'args': [{'name': 'values', 'default': None}, {'name': 'to_str', 'default': True}], 'keywords': {}}"
['OTC_SU_2023.pdf'],1,302,[310],[1],What is the percentage reduction when comparing the estimated total energy consumption from non-renewable sources in 2022 to that in 2023?,QuantitativeResponseGenerator,reduction_percentage,18.62,"[12, 12]","[5, 4]",0,,"{'type': 'function', 'name': 'increase_percentage', 'args': [{'name': 'values', 'default': None}, {'name': 'to_str', 'default': True}], 'keywords': {}}"
['OTC_SU_2023.pdf'],1,302,[310],[1],"What is the total measured energy consumption from all sources in MWh for the year 2023, calculated by summing the values related to grid electricity, purchased renewable electricity and self generated renewable electricity?",QuantitativeResponseGenerator,sum,716398.0,"[15, 16, 17]","[4, 4, 4]",1,,"{'type': 'function', 'name': 'sum', 'args': [{'name': 'values', 'default': None}, {'name': 'to_str', 'default': True}], 'keywords': {}}"
['OTC_SU_2023.pdf'],1,302,[310],[1],What is the average estimated total energy consumption from renewable sources in MWh for the years 2023 and 2022?,QuantitativeResponseGenerator,average,697753.5,"[10, 10]","[4, 5]",0,,"{'type': 'function', 'name': 'average', 'args': [{'name': 'values', 'default': None}, {'name': 'to_str', 'default': True}], 'keywords': {}}"
['OTC_SU_2023.pdf'],1,303,[310],[0],"What is the sum of the total water withdrawals (other than for cooling) for the years 2020, 2021, 2022, and 2023?",QuantitativeResponseGenerator,sum,7821054.0,"[3, 3, 3, 3]","[4, 5, 6, 7]",0,,"{'type': 'function', 'name': 'sum', 'args': [{'name': 'values', 'default': None}, {'name': 'to_str', 'default': True}], 'keywords': {}}"
['OTC_SU_2023.pdf'],1,303,[310],[0],What is the percentage reduction in groundwater water withdrawals from 2021 to 2022?,QuantitativeResponseGenerator,reduction_percentage,4.15,"[5, 5]","[5, 6]",0,,"{'type': 'function', 'name': 'reduction_percentage', 'args': [{'name': 'values', 'default': None}, {'name': 'to_str', 'default': True}], 'keywords': {}}"
['OTC_SU_2023.pdf'],1,303,[310],[0],What is the difference in water withdrawals from third party sources from the year 2021 to 2023?,QuantitativeResponseGenerator,reduction_difference,130229.0,"[6, 6]","[6, 4]",0,,"{'type': 'function', 'name': 'reduction_difference', 'args': [{'name': 'values', 'default': None}, {'name': 'to_str', 'default': True}], 'keywords': {}}"
['OTC_SU_2023.pdf'],1,303,[310],[0],What is the average of the surface water and groudwater withdrawals for the year 2020?,QuantitativeResponseGenerator,average,235031.5,"[4, 5]","[7, 7]",1,,"{'type': 'function', 'name': 'average', 'args': [{'name': 'values', 'default': None}, {'name': 'to_str', 'default': True}], 'keywords': {}}"
['OTC_SU_2023.pdf'],1,303,[310],[0],What is the difference in total water withdrawals (other than for cooling) and those for cooling in 2023?,QuantitativeResponseGenerator,reduction_difference,1085779.0,"[3, 8]","[4, 4]",1,,"{'type': 'function', 'name': 'reduction_difference', 'args': [{'name': 'values', 'default': None}, {'name': 'to_str', 'default': True}], 'keywords': {}}"
['OTC_SU_2023.pdf'],1,303,[310],[0],What is the average between the total water withdrawals (other than for cooling) and those for cooling in 2020?,QuantitativeResponseGenerator,average,1354116.5,"[3, 8]","[7, 7]",1,,"{'type': 'function', 'name': 'average', 'args': [{'name': 'values', 'default': None}, {'name': 'to_str', 'default': True}], 'keywords': {}}"
['OTC_SU_2023.pdf'],1,305,[311],[1],What is the average of the direct and indirect (scope 2) GHG emissions in 2023?,QuantitativeResponseGenerator,average,101116.0,"[6, 15]","[4, 4]",1,,"{'type': 'function', 'name': 'average', 'args': [{'name': 'values', 'default': None}, {'name': 'to_str', 'default': True}], 'keywords': {}}"
['OTC_SU_2023.pdf'],1,305,[311],[1],What is the difference between scope 3 and scope 2 indirect GHG emissions in 2022?,QuantitativeResponseGenerator,reduction_difference,60678819.0,"[20, 15]","[5, 5]",1,,"{'type': 'function', 'name': 'reduction_difference', 'args': [{'name': 'values', 'default': None}, {'name': 'to_str', 'default': True}], 'keywords': {}}"
['OTC_SU_2023.pdf'],1,305,[311],[1],What is the sum of the direct and scope 3 indirect GHG emissions for the year 2023?,QuantitativeResponseGenerator,sum,56890756.0,"[6, 20]","[4, 4]",1,,"{'type': 'function', 'name': 'sum', 'args': [{'name': 'values', 'default': None}, {'name': 'to_str', 'default': True}], 'keywords': {}}"
['OTC_SU_2023.pdf'],1,305,[311],[1],What is the percentage reduction of the direct GHG emissions in 2023 compared to the previous year?,QuantitativeResponseGenerator,reduction_percentage,5.57,"[6, 6]","[5, 4]",0,,"{'type': 'function', 'name': 'reduction_percentage', 'args': [{'name': 'values', 'default': None}, {'name': 'to_str', 'default': True}], 'keywords': {}}"
['OTC_SU_2023.pdf'],1,305,[311],[1],What is the difference between the total scope 2 GHG emissions in 2022 and those related to grid electricity only?,QuantitativeResponseGenerator,reduction_difference,60056.0,"[15, 16]","[5, 5]",1,,"{'type': 'function', 'name': 'reduction_difference', 'args': [{'name': 'values', 'default': None}, {'name': 'to_str', 'default': True}], 'keywords': {}}"
['OTC_SU_2023.pdf'],1,305,[311],[1],What is the average of the direct GHG emissions in TCO2e for the years 2020 to 2023?,QuantitativeResponseGenerator,average,127590.0,"[6, 6]","[4, 7]",0,,"{'type': 'function', 'name': 'average', 'args': [{'name': 'values', 'default': None}, {'name': 'to_str', 'default': True}], 'keywords': {}}"
['OTC_SU_2023.pdf'],1,305,[311],[1],What is the difference between the direct (scope 1) GHG emissions from the year 2020 to 2021?,QuantitativeResponseGenerator,reduction_difference,1670.0,"[6, 6]","[7, 6]",0,,"{'type': 'function', 'name': 'reduction_difference', 'args': [{'name': 'values', 'default': None}, {'name': 'to_str', 'default': True}], 'keywords': {}}"
['OTC_SU_2023.pdf'],1,305,[311],[1],What is the percentage reduction in direct GHG emissions from the year 2020 to 2023?,QuantitativeResponseGenerator,reduction_percentage,20.79,"[6, 6]","[7, 4]",0,,"{'type': 'function', 'name': 'reduction_percentage', 'args': [{'name': 'values', 'default': None}, {'name': 'to_str', 'default': True}], 'keywords': {}}"
['OTC_SU_2023.pdf'],1,305,[311],[1],What is the sum of SF GHG emissions for the years 2022 and 2023?,QuantitativeResponseGenerator,sum,8660.0,"[11, 11]","[5, 4]",0,,"{'type': 'function', 'name': 'sum', 'args': [{'name': 'values', 'default': None}, {'name': 'to_str', 'default': True}], 'keywords': {}}"
['OTC_SU_2023.pdf'],1,305,[311],[1],What is the reduction in energy indirect (Scope 2) GHG emissions from 2020 to 2023?,QuantitativeResponseGenerator,reduction_difference,55767.0,"[15, 15]","[7, 4]",0,,"{'type': 'function', 'name': 'reduction_difference', 'args': [{'name': 'values', 'default': None}, {'name': 'to_str', 'default': True}], 'keywords': {}}"
['OTC_SU_2023.pdf'],1,305,[311],[1],What is the percentage reduction of grid electricity (market-based) indirect GHG emissions from 2020 to 2022?,QuantitativeResponseGenerator,reduction_percentage,29.18,"[16, 16]","[7, 5]",0,,"{'type': 'function', 'name': 'reduction_percentage', 'args': [{'name': 'values', 'default': None}, {'name': 'to_str', 'default': True}], 'keywords': {}}"
['OTC_SU_2023.pdf'],1,305,[311],[1],"What is the sum of indirect emissions (scope 2) from renewable electricity (market-based) in TCO2e for the years 2023, 2022, 2021, and 2020?",QuantitativeResponseGenerator,sum,2098.0,"[17, 17, 17, 17]","[4, 5, 6, 7]",0,,"{'type': 'function', 'name': 'sum', 'args': [{'name': 'values', 'default': None}, {'name': 'to_str', 'default': True}], 'keywords': {}}"
['OTC_SU_2023.pdf'],1,305,[311],[1],What is the percentage increase of the indirect emissions from district heating from the year 2020 to 2021?,QuantitativeResponseGenerator,increase_percentage,27.39,"[18, 18]","[7, 6]",0,,"{'type': 'function', 'name': 'reduction_percentage', 'args': [{'name': 'values', 'default': None}, {'name': 'to_str', 'default': True}], 'keywords': {}}"
['OTC_SU_2023.pdf'],1,305,[311],[1],What is the difference between the estimated scope 2 GHG emissions of sites out of reporting perimeter in 2021 and those in 2023?,QuantitativeResponseGenerator,reduction_difference,28047.0,"[19, 19]","[6, 4]",0,,"{'type': 'function', 'name': 'reduction_difference', 'args': [{'name': 'values', 'default': None}, {'name': 'to_str', 'default': True}], 'keywords': {}}"
['OTC_SU_2023.pdf'],1,305,[311],[1],"What is the average of the direct GHG emissions, scope 2 and scope 3 indirect emissions for the year 2023?",QuantitativeResponseGenerator,average,18993398.67,"[6, 15, 20]","[4, 4, 4]",1,,"{'type': 'function', 'name': 'average', 'args': [{'name': 'values', 'default': None}, {'name': 'to_str', 'default': True}], 'keywords': {}}"
['OTC_SU_2023.pdf'],1,302,[311],[0],"What is the average of the measured renewable electricity generated in MWh for the years 2023, 2022, and 2021?",QuantitativeResponseGenerator,average,2593.67,"[2, 2, 2]","[4, 5, 6]",0,,"{'type': 'function', 'name': 'average', 'args': [{'name': 'values', 'default': None}, {'name': 'to_str', 'default': True}], 'keywords': {}}"
['OTC_SU_2023.pdf'],1,302,[311],[0],What is the increase in energy consumption from grid electricity between the years 2022 and 2023?,QuantitativeResponseGenerator,increase_difference,-14640.0,"[5, 5]","[4, 5]",0,,"{'type': 'function', 'name': 'increase_difference', 'args': [{'name': 'values', 'default': None}, {'name': 'to_str', 'default': True}], 'keywords': {}}"
['OTC_SU_2023.pdf'],1,302,[311],[0],"What is the total estimated energy consumption in MWh for the year 2023, calculated by summing the values of grid electricity, purchased renewable electricity, district heating, fuel oil, gas, and coal?",QuantitativeResponseGenerator,sum,189522.0,"[5, 6, 8, 9, 10, 11]","[4, 4, 4, 4, 4, 4]",1,,"{'type': 'function', 'name': 'sum', 'args': [{'name': 'values', 'default': None}, {'name': 'to_str', 'default': True}], 'keywords': {}}"
['OTC_SU_2023.pdf'],1,302,[311],[0],What is the percentage increase of measured renewable electricity generated from 2021 to 2023?,QuantitativeResponseGenerator,increase_percentage,15.72,"[2, 2]","[6, 4]",0,,"{'type': 'function', 'name': 'increase_percentage', 'args': [{'name': 'values', 'default': None}, {'name': 'to_str', 'default': True}], 'keywords': {}}"
['OTC_SU_2023.pdf'],1,302,[311],[0],What is the reduction in MWh in grid electricity consumption from 2021 to 2022?,QuantitativeResponseGenerator,reduction_difference,41701.0,"[5, 5]","[6, 5]",0,,"{'type': 'function', 'name': 'reduction_difference', 'args': [{'name': 'values', 'default': None}, {'name': 'to_str', 'default': True}], 'keywords': {}}"
['OTC_SU_2023.pdf'],1,302,[311],[0],What is the percentage increase in measured renewable electricity generated from 2022 to 2023?,QuantitativeResponseGenerator,increase_percentage,30.8,"[2, 2]","[5, 4]",0,,"{'type': 'function', 'name': 'increase_percentage', 'args': [{'name': 'values', 'default': None}, {'name': 'to_str', 'default': True}], 'keywords': {}}"
['OTC_SU_2023.pdf'],1,302,[311],[0],What is the sum of the self-generated renewable electricity measured in MWh for the years 2022 and 2023?,QuantitativeResponseGenerator,sum,0.0,"[7, 7]","[5, 4]",0,,"{'type': 'function', 'name': 'sum', 'args': [{'name': 'values', 'default': None}, {'name': 'to_str', 'default': True}], 'keywords': {}}"
['OTC_SU_2023.pdf'],1,302,[310],[1],What is the difference between the total estimated energy consumption in 2023 and energy from renewable sources in the same year?,QuantitativeResponseGenerator,reduction_difference,417294.0,"[4, 10]","[4, 4]",1,,"{'type': 'function', 'name': 'reduction_difference', 'args': [{'name': 'values', 'default': None}, {'name': 'to_str', 'default': True}], 'keywords': {}}"
['OTC_SU_2023.pdf'],1,302,[310],[1],What is the difference of estimated energy consumption between renewable source and non-renewable source in 2021?,QuantitativeResponseGenerator,reduction_difference,15083.0,"[10, 12]","[6, 6]",1,,"{'type': 'function', 'name': 'reduction_difference', 'args': [{'name': 'values', 'default': None}, {'name': 'to_str', 'default': True}], 'keywords': {}}"
['OTC_SU_2023.pdf'],1,302,[310],[1],"What is the average energy consumption from grid electricity, purchased renewable electricity, self-generated renewable electricity, district heating, fuel oil, gas, and renewable fuel and heat for the year 2023?",QuantitativeResponseGenerator,average,133543.71,"[15, 16, 17, 18, 19, 20, 22]","[4, 4, 4, 4, 4, 4, 4]",1,,"{'type': 'function', 'name': 'average', 'args': [{'name': 'values', 'default': None}, {'name': 'to_str', 'default': True}], 'keywords': {}}"
['OTC_SU_2023.pdf'],1,302,[310],[1],What is the difference between purchased renewable electricity and self-generated renewable electricity in 2022?,QuantitativeResponseGenerator,reduction_difference,568132.0,"[16, 17]","[5, 5]",1,,"{'type': 'function', 'name': 'reduction_difference', 'args': [{'name': 'values', 'default': None}, {'name': 'to_str', 'default': True}], 'keywords': {}}"
['OTC_SU_2023.pdf'],1,302,[310],[1],What is the percentage reduction in estimated total energy consumption from 2020 to 2023?,QuantitativeResponseGenerator,reduction_percentage,7.6,"[4, 4]","[4, 7]",0,,"{'type': 'function', 'name': 'reduction_percentage', 'args': [{'name': 'values', 'default': None}, {'name': 'to_str', 'default': True}], 'keywords': {}}"
['OTC_SU_2023.pdf'],1,303,[310],[0],What is the average of the surface water withdrawals (other than for cooling) for the years 2023 and 2022?,QuantitativeResponseGenerator,average,16106.5,"[4, 4]","[4, 5]",0,,"{'type': 'function', 'name': 'average', 'args': [{'name': 'values', 'default': None}, {'name': 'to_str', 'default': True}], 'keywords': {}}"
['OTC_SU_2023.pdf'],1,303,[310],[0],What is the increase in groundwater withdrawals (other than for cooling) from the year 2020 to 2022?,QuantitativeResponseGenerator,increase_difference,39706.0,"[5, 5]","[5, 7]",0,,"{'type': 'function', 'name': 'increase_difference', 'args': [{'name': 'values', 'default': None}, {'name': 'to_str', 'default': True}], 'keywords': {}}"
['OTC_SU_2023.pdf'],1,303,[310],[0],What is the sum of the water withdrawals from third party sources for the years 2021 and 2020?,QuantitativeResponseGenerator,sum,2953997.0,"[6, 6]","[6, 7]",0,,"{'type': 'function', 'name': 'sum', 'args': [{'name': 'values', 'default': None}, {'name': 'to_str', 'default': True}], 'keywords': {}}"
['OTC_SU_2023.pdf'],1,303,[310],[0],What is the sum of surface and ground water withdrawals in 2020?,QuantitativeResponseGenerator,sum,470063.0,"[4, 5]","[7, 7]",1,,"{'type': 'function', 'name': 'sum', 'args': [{'name': 'values', 'default': None}, {'name': 'to_str', 'default': True}], 'keywords': {}}"
['OTC_SU_2023.pdf'],1,303,[310],[0],What is the difference between total water withdrawals and withdrawals from surface water in 2023?,QuantitativeResponseGenerator,reduction_difference,1881491.0,"[3, 4]","[4, 4]",1,,"{'type': 'function', 'name': 'reduction_difference', 'args': [{'name': 'values', 'default': None}, {'name': 'to_str', 'default': True}], 'keywords': {}}"
['OTC_SU_2023.pdf'],1,303,[310],[0],What is the difference between total water withdrawals and withdrawals from areas with water stress in 2021?,QuantitativeResponseGenerator,reduction_difference,1141660.0,"[3, 11]","[6, 6]",1,,"{'type': 'function', 'name': 'reduction_difference', 'args': [{'name': 'values', 'default': None}, {'name': 'to_str', 'default': True}], 'keywords': {}}"
['OTC_SU_2023.pdf'],1,303,[310],[0],What is the average water withdrawal for cooling and non-cooling purposes in 2021?,QuantitativeResponseGenerator,average,1475932.5,"[3, 8]","[6, 6]",1,,"{'type': 'function', 'name': 'average', 'args': [{'name': 'values', 'default': None}, {'name': 'to_str', 'default': True}], 'keywords': {}}"
['OTC_SU_2023.pdf'],1,305,[311],[1],What is the difference between total and indirect (Scope 2) GHG emissions in 2023?,QuantitativeResponseGenerator,reduction_difference,112792.0,"[3, 15]","[4, 4]",1,,"{'type': 'function', 'name': 'reduction_difference', 'args': [{'name': 'values', 'default': None}, {'name': 'to_str', 'default': True}], 'keywords': {}}"
['OTC_SU_2023.pdf'],1,305,[311],[1],What is the difference between total direct GHG emissions and emissions from gas in 2022?,QuantitativeResponseGenerator,reduction_difference,72176.0,"[6, 8]","[5, 5]",1,,"{'type': 'function', 'name': 'reduction_difference', 'args': [{'name': 'values', 'default': None}, {'name': 'to_str', 'default': True}], 'keywords': {}}"
['OTC_SU_2023.pdf'],1,305,[311],[1],What is the average of GHG emissions related to fuel oil and gas in 2020?,QuantitativeResponseGenerator,average,28324.0,"[7, 8]","[7, 7]",1,,"{'type': 'function', 'name': 'average', 'args': [{'name': 'values', 'default': None}, {'name': 'to_str', 'default': True}], 'keywords': {}}"
['OTC_SU_2023.pdf'],1,305,[311],[1],What is the sum of SF emissions and emissions produces by vehicle fleet in 2023?,QuantitativeResponseGenerator,sum,65546.0,"[10, 11]","[4, 4]",1,,"{'type': 'function', 'name': 'sum', 'args': [{'name': 'values', 'default': None}, {'name': 'to_str', 'default': True}], 'keywords': {}}"
['OTC_SU_2023.pdf'],1,305,[311],[1],What is the sum of market-based GHG emissions related to frid electricity and renewable electricity in 2020?,QuantitativeResponseGenerator,sum,70839.0,"[16, 17]","[7, 7]",1,,"{'type': 'function', 'name': 'sum', 'args': [{'name': 'values', 'default': None}, {'name': 'to_str', 'default': True}], 'keywords': {}}"
['OTC_SU_2023.pdf'],1,305,[311],[1],What is the percentage reduction in direct gas-related GHG emissions from 2021 to 2022?,QuantitativeResponseGenerator,reduction_percentage,16.74,"[8, 8]","[6, 5]",0,,"{'type': 'function', 'name': 'reduction_percentage', 'args': [{'name': 'values', 'default': None}, {'name': 'to_str', 'default': True}], 'keywords': {}}"
['OTC_SU_2023.pdf'],1,305,[311],[1],What is the reduction of SF direct emissions from 2020 to 2022?,QuantitativeResponseGenerator,reduction_difference,2681.0,"[11, 11]","[7, 5]",0,,"{'type': 'function', 'name': 'reduction_difference', 'args': [{'name': 'values', 'default': None}, {'name': 'to_str', 'default': True}], 'keywords': {}}"
['OTC_SU_2023.pdf'],1,305,[311],[1],What is the percentage decrease in vehicle fleet GHG emissions from the year 2020 to 2023?,QuantitativeResponseGenerator,reduction_percentage,16.03,"[10, 10]","[4, 7]",0,,"{'type': 'function', 'name': 'reduction_percentage', 'args': [{'name': 'values', 'default': None}, {'name': 'to_str', 'default': True}], 'keywords': {}}"
['OTC_SU_2023.pdf'],1,305,[311],[1],What is the average SF emissions for the years 2022 and 2020?,QuantitativeResponseGenerator,average,5946.5,"[11, 11]","[5, 7]",0,,"{'type': 'function', 'name': 'average', 'args': [{'name': 'values', 'default': None}, {'name': 'to_str', 'default': True}], 'keywords': {}}"
['OTC_SU_2023.pdf'],1,305,[311],[1],What is the reduction in Energy indirect (Scope 2) GHG emissions from 2022 to 2023?,QuantitativeResponseGenerator,reduction_difference,20290.0,"[15, 15]","[5, 4]",0,,"{'type': 'function', 'name': 'reduction_difference', 'args': [{'name': 'values', 'default': None}, {'name': 'to_str', 'default': True}], 'keywords': {}}"
['OTC_SU_2023.pdf'],1,305,[311],[1],What is the percentage decrease in indirect GHG emissions for grid electricity from 2022 to 2023?,QuantitativeResponseGenerator,reduction_percentage,20.53,"[16, 16]","[5, 4]",0,,"{'type': 'function', 'name': 'reduction_percentage', 'args': [{'name': 'values', 'default': None}, {'name': 'to_str', 'default': True}], 'keywords': {}}"
['OTC_SU_2023.pdf'],1,305,[311],[1],What is the average of indirect GHG emissions from renewable electricity (market-based) for the years 2021 and 2022?,QuantitativeResponseGenerator,average,702.0,"[17, 17]","[6, 5]",0,,"{'type': 'function', 'name': 'average', 'args': [{'name': 'values', 'default': None}, {'name': 'to_str', 'default': True}], 'keywords': {}}"
['OTC_SU_2023.pdf'],1,305,[311],[1],What is the increase in indirect GHG emissions for district heating from the year 2020 to 2021?,QuantitativeResponseGenerator,increase_difference,3164.0,"[18, 18]","[6, 7]",0,,"{'type': 'function', 'name': 'increase_difference', 'args': [{'name': 'values', 'default': None}, {'name': 'to_str', 'default': True}], 'keywords': {}}"
['OTC_SU_2023.pdf'],1,305,[311],[1],What is the sum of Scope 2 GHG emissions of sites out of reporting perimeter for the years 2023 and 2022?,QuantitativeResponseGenerator,sum,93956.0,"[19, 19]","[4, 5]",0,,"{'type': 'function', 'name': 'sum', 'args': [{'name': 'values', 'default': None}, {'name': 'to_str', 'default': True}], 'keywords': {}}"
['OTC_SU_2023.pdf'],1,305,[311],[1],What is the difference between scope 3 and scope 2 GHG emissions in 2023?,QuantitativeResponseGenerator,reduction_difference,56688524.0,"[20, 15]","[4, 4]",1,,"{'type': 'function', 'name': 'reduction_difference', 'args': [{'name': 'values', 'default': None}, {'name': 'to_str', 'default': True}], 'keywords': {}}"
['OTC_SU_2023.pdf'],1,306,[309],[0],What is the difference between non-hazardous waste and non-hazardous waste reused or recycled in 2023?,QuantitativeResponseGenerator,reduction_difference,10973.0,"[5, 6]","[4, 4]",1,,"{'type': 'function', 'name': 'reduction_difference', 'args': [{'name': 'values', 'default': None}, {'name': 'to_str', 'default': True}], 'keywords': {}}"
['OTC_SU_2023.pdf'],1,306,[309],[0],What is the total amount of non-hazardous waste reused or recycled and incinerated with energy recovery in 2022?,QuantitativeResponseGenerator,sum,118286.0,"[6, 7]","[5, 5]",1,,"{'type': 'function', 'name': 'sum', 'args': [{'name': 'values', 'default': None}, {'name': 'to_str', 'default': True}], 'keywords': {}}"
['OTC_SU_2023.pdf'],1,306,[309],[0],What is the percentage increase in hazardous waste generated from the year 2020 to 2021?,QuantitativeResponseGenerator,increase_percentage,11.24,"[11, 11]","[7, 6]",0,,"{'type': 'function', 'name': 'increase_percentage', 'args': [{'name': 'values', 'default': None}, {'name': 'to_str', 'default': True}], 'keywords': {}}"
['OTC_SU_2023.pdf'],1,306,[309],[0],What is the reduction in reused or recycled non-hazardous waste generated from 2022 to 2023?,QuantitativeResponseGenerator,reduction_difference,5974.0,"[6, 6]","[4, 5]",0,,"{'type': 'function', 'name': 'reduction_difference', 'args': [{'name': 'values', 'default': None}, {'name': 'to_str', 'default': True}], 'keywords': {}}"
['OTC_SU_2023.pdf'],1,306,[309],[0],What is the percentage decrease in hazardous waste channeled according to Schneider Electric expectations from 2022 to 2023?,QuantitativeResponseGenerator,reduction_percentage,6.4,"[12, 12]","[5, 4]",0,,"{'type': 'function', 'name': 'reduction_percentage', 'args': [{'name': 'values', 'default': None}, {'name': 'to_str', 'default': True}], 'keywords': {}}"
['OTC_SU_2023.pdf'],1,306,[309],[0],What is the average of non-hazardous waste reduction in metric tons for the years 2023 and 2021?,QuantitativeResponseGenerator,average,17382.5,"[9, 9]","[4, 6]",0,,"{'type': 'function', 'name': 'average', 'args': [{'name': 'values', 'default': None}, {'name': 'to_str', 'default': True}], 'keywords': {}}"
['OTC_SU_2023.pdf'],1,306,[309],[0],What is the reduction in the hazardous waste generated per million euros of turnover from 2021 to 2022?,QuantitativeResponseGenerator,reduction_difference,0.06,"[13, 13]","[5, 6]",0,,"{'type': 'function', 'name': 'reduction_difference', 'args': [{'name': 'values', 'default': None}, {'name': 'to_str', 'default': True}], 'keywords': {}}"
['OTC_SU_2023.pdf'],1,306,[309],[0],"What is the sum of 'waste-to-resource' sites for the years 2023, 2022, 2021, and 2020?",QuantitativeResponseGenerator,sum,510.0,"[15, 15, 15, 15]","[4, 5, 6, 7]",0,,"{'type': 'function', 'name': 'sum', 'args': [{'name': 'values', 'default': None}, {'name': 'to_str', 'default': True}], 'keywords': {}}"
['OTC_SU_2023.pdf'],1,306,[309],[0],What is the average of hazardous and non-hazardous waste generated in 2020?,QuantitativeResponseGenerator,average,62646.0,"[5, 11]","[7, 7]",1,,"{'type': 'function', 'name': 'average', 'args': [{'name': 'values', 'default': None}, {'name': 'to_str', 'default': True}], 'keywords': {}}"
['OTC_SU_2023.pdf'],1,306,[309],[0],What is the difference between non-hazardous waste incinerated with and without energy recovery in 2021?,QuantitativeResponseGenerator,reduction_difference,1211.0,"[7, 8]","[6, 6]",1,,"{'type': 'function', 'name': 'reduction_difference', 'args': [{'name': 'values', 'default': None}, {'name': 'to_str', 'default': True}], 'keywords': {}}"
['OTC_SU_2023.pdf'],1,306,[309],[0],What is the difference between metric of tons for total waste and hazardous waste in 2021?,QuantitativeResponseGenerator,reduction_difference,128267.0,"[3, 11]","[6, 6]",1,,"{'type': 'function', 'name': 'reduction_difference', 'args': [{'name': 'values', 'default': None}, {'name': 'to_str', 'default': True}], 'keywords': {}}"
['OTC_SU_2023.pdf'],1,306,[309],[0],"What is the average amount of non-hazardous waste generated, by distinguish between recycled and incinerated waste (with and without energy recovery) for the year 2022?",QuantitativeResponseGenerator,average,41103.67,"[6, 7, 8]","[5, 5, 5]",1,,"{'type': 'function', 'name': 'average', 'args': [{'name': 'values', 'default': None}, {'name': 'to_str', 'default': True}], 'keywords': {}}"
['OTC_SU_2023.pdf'],1,306,[309],[0],What is the difference between the total waste generated in 2022 and the non-hazardous waste generated in the same year?,QuantitativeResponseGenerator,reduction_difference,8091.0,"[3, 5]","[5, 5]",1,,"{'type': 'function', 'name': 'reduction_difference', 'args': [{'name': 'values', 'default': None}, {'name': 'to_str', 'default': True}], 'keywords': {}}"
['OTC_SU_2023.pdf'],1,306,[309],[0],What is the average of hazardous waste generated in tons from 2020 to 2023?,QuantitativeResponseGenerator,average,7974.5,"[11, 11, 11, 11]","[4, 5, 6, 7]",0,,"{'type': 'function', 'name': 'average', 'args': [{'name': 'values', 'default': None}, {'name': 'to_str', 'default': True}], 'keywords': {}}"
['OTC_SU_2023.pdf'],1,306,[309],[0],What is the percentage reduction of recycled non-hazardous waste from the year 2020 to 2023?,QuantitativeResponseGenerator,reduction_percentage,6.73,"[6, 6]","[7, 4]",0,,"{'type': 'function', 'name': 'reduction_percentage', 'args': [{'name': 'values', 'default': None}, {'name': 'to_str', 'default': True}], 'keywords': {}}"
['OTC_SU_2023.pdf'],1,306,[309],[0],What is the percentage increase in hazardous waste (channeled according to Schneider Electric expectations) from 2020 to 2022?,QuantitativeResponseGenerator,increase_percentage,5.53,"[12, 12]","[5, 7]",0,,"{'type': 'function', 'name': 'increase_percentage', 'args': [{'name': 'values', 'default': None}, {'name': 'to_str', 'default': True}], 'keywords': {}}"
['OTC_SU_2023.pdf'],1,306,[309],[0],What is the sum of non-hazardous waste generated in tons from 2020 to 2023?,QuantitativeResponseGenerator,sum,54435.0,"[9, 9, 9, 9]","[4, 5, 6, 7]",0,,"{'type': 'function', 'name': 'sum', 'args': [{'name': 'values', 'default': None}, {'name': 'to_str', 'default': True}], 'keywords': {}}"
['OTC_SU_2023.pdf'],1,306,[309],[0],What is the percentage reduction in hazardous waste generated per million of revenue from 2020 to 2023?,QuantitativeResponseGenerator,reduction_percentage,30.0,"[13, 13]","[7, 4]",0,,"{'type': 'function', 'name': 'reduction_percentage', 'args': [{'name': 'values', 'default': None}, {'name': 'to_str', 'default': True}], 'keywords': {}}"
['OTC_SU_2023.pdf'],1,306,[309],[0],What is the sum of non-hazardous waste recycled and incinerated with energy recovery in the year 2021?,QuantitativeResponseGenerator,sum,122514.0,"[7, 6]","[6, 6]",1,,"{'type': 'function', 'name': 'sum', 'args': [{'name': 'values', 'default': None}, {'name': 'to_str', 'default': True}], 'keywords': {}}"
['OTC_SU_2023.pdf'],1,306,[309],[0],"What is the average hazardous waste intensity reduction obtained in the years 2020, 2021, 2022 and 2023 against 2017?",QuantitativeResponseGenerator,average,37.75,"[14, 14, 14, 14]","[4, 5, 6, 7]",0,,"{'type': 'function', 'name': 'average', 'args': [{'name': 'values', 'default': None}, {'name': 'to_str', 'default': True}], 'keywords': {}}"
['OTC_SU_2023.pdf'],1,306,[309],[0],"What is the sum of non-hazardous waste recycled, incinerated with and without energy recovery for the year 2022?",QuantitativeResponseGenerator,sum,123311.0,"[6, 7, 8]","[5, 5, 5]",1,,"{'type': 'function', 'name': 'sum', 'args': [{'name': 'values', 'default': None}, {'name': 'to_str', 'default': True}], 'keywords': {}}"
['OTC_ADDDF_2023.pdf'],1,301,[110],[0],What is the average percentage of clothes made from recycled polyester and with sustainable cotton in 2023?,QuantitativeResponseGenerator,average,99.5,"[5, 4]","[2, 2]",1,,"{'type': 'function', 'name': 'average', 'args': [{'name': 'values', 'default': None}, {'name': 'to_str', 'default': True}], 'keywords': {}}"
['OTC_ADDDF_2023.pdf'],1,301,[110],[0],What is the percentage increase of clothes made from recycled polyester from 2021 to 2023?,QuantitativeResponseGenerator,increase_percentage,8.79,"[4, 4]","[2, 4]",0,,"{'type': 'function', 'name': 'increase_percentage', 'args': [{'name': 'values', 'default': None}, {'name': 'to_str', 'default': True}], 'keywords': {}}"
['OTC_ADDDF_2023.pdf'],1,301,[110],[0],What is the average percentage of more sustainable cotton sourced and the percentage of recycled polyester apparel footwear in 2021?,QuantitativeResponseGenerator,average,95.5,"[5, 4]","[4, 4]",1,,"{'type': 'function', 'name': 'average', 'args': [{'name': 'values', 'default': None}, {'name': 'to_str', 'default': True}], 'keywords': {}}"
['OTC_ADDDF_2023.pdf'],1,305,[110],[0],"What is the sum of CO2e emissions (scope 1 and scope 2) in own operations for the years 2021, 2022, and 2023?",QuantitativeResponseGenerator,sum,466796.0,"[9, 9, 9]","[2, 3, 4]",0,,"{'type': 'function', 'name': 'sum', 'args': [{'name': 'values', 'default': None}, {'name': 'to_str', 'default': True}], 'keywords': {}}"
['OTC_ADDDF_2023.pdf'],1,305,[110],[0],What is the percentage increase of CO2 emissions from 2021 to 2023?,QuantitativeResponseGenerator,increase_percentage,18.66,"[9, 9]","[2, 4]",0,,"{'type': 'function', 'name': 'increase_percentage', 'args': [{'name': 'values', 'default': None}, {'name': 'to_str', 'default': True}], 'keywords': {}}"
['OTC_ADDDF_2023.pdf'],1,301,[110],[0],What is the total number of pairs of shoes produced containing 'Parley Ocean Plastic' from 2021 to 2023?,QuantitativeResponseGenerator,sum,45.0,"[6, 6, 6]","[2, 3, 4]",0,,"{'type': 'function', 'name': 'sum', 'args': [{'name': 'values', 'default': None}, {'name': 'to_str', 'default': True}], 'keywords': {}}"
['OTC_ADDDF_2023.pdf'],1,301,[110],[0],What is the reduction of the number of pairs of shoes produced containing 'Parley Ocean Plastic' from 2022 to 2023?,QuantitativeResponseGenerator,reduction_difference,24.0,"[6, 6]","[3, 2]",0,,"{'type': 'function', 'name': 'reduction_difference', 'args': [{'name': 'values', 'default': None}, {'name': 'to_str', 'default': True}], 'keywords': {}}"
['heidelberg-materials_2023.pdf'],1,302,[355],[0],What is the difference between the energy consumption for the entire cement line and the amount related to clicker production only in 2022?,QuantitativeResponseGenerator,reduction_difference,28033.0,"[29, 30]","[4, 4]",1,,"{'type': 'function', 'name': 'reduction_difference', 'args': [{'name': 'values', 'default': None}, {'name': 'to_str', 'default': True}], 'keywords': {}}"
['heidelberg-materials_2023.pdf'],1,305,[355],[0],What is the sum of absolute CO2 emissions from external electrical power and thermal energy production (both market and location based) generated in 2023 (in million of tonnes)?,QuantitativeResponseGenerator,sum,8.9,"[7, 8]","[5, 5]",1,,"{'type': 'function', 'name': 'sum', 'args': [{'name': 'values', 'default': None}, {'name': 'to_str', 'default': True}], 'keywords': {}}"
['munich-re_2023.pdf'],1,303,[47],[0],What is the average water usage in cubic meters in the last 2 years?,QuantitativeResponseGenerator,average,454863.5,"[3, 3]","[3, 4]",0,,"{'type': 'function', 'name': 'average', 'args': [{'name': 'values', 'default': None}, {'name': 'to_str', 'default': True}], 'keywords': {}}"
['OTC_DPSGY_2023.pdf'],1,302,[3],[0],"What is the increase in energy consumption from 2021 to 2023, measured in million kWh?",QuantitativeResponseGenerator,increase_difference,4570.0,"[4, 4]","[7, 5]",0,,"{'type': 'function', 'name': 'increase_difference', 'args': [{'name': 'values', 'default': None}, {'name': 'to_str', 'default': True}], 'keywords': {}}"
['OTC_DPSGY_2023.pdf'],1,305,[3],[0],What is the percentage increase in logistics-related GHG emissions from 2019 to 2021?,QuantitativeResponseGenerator,increase_percentage,18.55,"[2, 2]","[5, 3]",0,,"{'type': 'function', 'name': 'increase_percentage', 'args': [{'name': 'values', 'default': None}, {'name': 'to_str', 'default': True}], 'keywords': {}}"
['NASDAQ_DASTY_2023.pdf'],1,302,[117],[0],What is the percentage reduction in energy consumption (MWh) from 2022 to 2023?,QuantitativeResponseGenerator,reduction_percentage,13.95,"[4, 4]","[2, 3]",0,,"{'type': 'function', 'name': 'reduction_percentage', 'args': [{'name': 'values', 'default': None}, {'name': 'to_str', 'default': True}], 'keywords': {}}"
['NASDAQ_DASTY_2023.pdf'],1,302,[117],[0],What is the difference in energy consumption (MWh) from 2022 to 2023?,QuantitativeResponseGenerator,reduction_difference,11548.0,"[4, 4]","[3, 2]",0,,"{'type': 'function', 'name': 'reduction_difference', 'args': [{'name': 'values', 'default': None}, {'name': 'to_str', 'default': True}], 'keywords': {}}"
['NASDAQ_DASTY_2023.pdf'],1,305,[117],[0],What is the average quantity of carbon credits acquired during the year for 2022 and 2023?,QuantitativeResponseGenerator,average,672.0,"[11, 11]","[3, 2]",0,,"{'type': 'function', 'name': 'average', 'args': [{'name': 'values', 'default': None}, {'name': 'to_str', 'default': True}], 'keywords': {}}"
['NASDAQ_DASTY_2023.pdf'],1,305,[142],[0],What is the sum of the carbon intensity per employee in tonnes of CO2eq for the years 2023 and 2022?,QuantitativeResponseGenerator,sum,16.3,"[3, 3]","[2, 3]",0,,"{'type': 'function', 'name': 'sum', 'args': [{'name': 'values', 'default': None}, {'name': 'to_str', 'default': True}], 'keywords': {}}"
['NASDAQ_DASTY_2023.pdf'],1,305,[142],[0],What is the percentage reduction in carbon intensity per employee in tonnes of CO2eq from 2022 to 2023?,QuantitativeResponseGenerator,reduction_percentage,1.22,"[3, 3]","[3, 2]",0,,"{'type': 'function', 'name': 'reduction_percentage', 'args': [{'name': 'values', 'default': None}, {'name': 'to_str', 'default': True}], 'keywords': {}}"
['NASDAQ_DASTY_2023.pdf'],1,305,[142],[0],What is the increase in the quantity of carbon credits acquired from 2022 to 2023?,QuantitativeResponseGenerator,increase_difference,2.0,"[11, 11]","[2, 3]",0,,"{'type': 'function', 'name': 'increase_difference', 'args': [{'name': 'values', 'default': None}, {'name': 'to_str', 'default': True}], 'keywords': {}}"
['NASDAQ_DASTY_2023.pdf'],1,305,[142],[0],What is the percentage increase in the quantity of carbon credits acquired from 2022 to 2023?,QuantitativeResponseGenerator,increase_percentage,0.3,"[11, 11]","[3, 2]",0,,"{'type': 'function', 'name': 'increase_percentage', 'args': [{'name': 'values', 'default': None}, {'name': 'to_str', 'default': True}], 'keywords': {}}"
['NASDAQ_DASTY_2023.pdf'],1,306,[125],[0],What is the sum of tonnes of waste generated in 2023 and 2022?,QuantitativeResponseGenerator,sum,2252.8,"[2, 2]","[2, 3]",0,,"{'type': 'function', 'name': 'sum', 'args': [{'name': 'values', 'default': None}, {'name': 'to_str', 'default': True}], 'keywords': {}}"
['NASDAQ_DASTY_2023.pdf'],1,306,[125],[0],What is the percentage reduction in the weight of ordinary waste (in tons) from 2022 to 2023?,QuantitativeResponseGenerator,reduction_percentage,31.4,"[3, 3]","[3, 2]",0,,"{'type': 'function', 'name': 'reduction_percentage', 'args': [{'name': 'values', 'default': None}, {'name': 'to_str', 'default': True}], 'keywords': {}}"
['NASDAQ_DASTY_2023.pdf'],1,306,[125],[0],What is the increase in the weight of electrical and electronic waste (in tons) generated from 2022 to 2023?,QuantitativeResponseGenerator,increase_difference,9.8,"[4, 4]","[2, 3]",0,,"{'type': 'function', 'name': 'increase_difference', 'args': [{'name': 'values', 'default': None}, {'name': 'to_str', 'default': True}], 'keywords': {}}"
['NASDAQ_DASTY_2023.pdf'],1,306,[141],[0],"What is the average percentage of electric and electroninc waste recycled across the years 2019, 2021, 2022 and 2023?",QuantitativeResponseGenerator,average,98.75,"[34, 34, 34, 34]","[3, 4, 5, 6]",0,,"{'type': 'function', 'name': 'average', 'args': [{'name': 'values', 'default': None}, {'name': 'to_str', 'default': True}], 'keywords': {}}"
['NASDAQ_DASTY_2023.pdf'],1,306,[141],[0],"What is the sum of tonnes of ordinary waste produced in the years 2019, 2020, 2021, 2022 and 2023?",QuantitativeResponseGenerator,sum,6238.0,"[20, 20, 20, 20]","[3, 4, 5, 6]",0,,"{'type': 'function', 'name': 'sum', 'args': [{'name': 'values', 'default': None}, {'name': 'to_str', 'default': True}], 'keywords': {}}"
['OTC_SAPMY_2023.pdf'],1,302,[144],[0],What is the difference between the total group-related direct and indirect consumption of energy in 2023?,QuantitativeResponseGenerator,reduction_difference,13957.0,"[3, 4]","[3, 3]",1,,"{'type': 'function', 'name': 'reduction_difference', 'args': [{'name': 'values', 'default': None}, {'name': 'to_str', 'default': True}], 'keywords': {}}"
['OTC_SAPMY_2023.pdf'],1,302,[144],[0],What is the sum of the group-related direct and indirect consumption of energy in 2023?,QuantitativeResponseGenerator,sum,14711.0,"[3, 4]","[3, 3]",1,,"{'type': 'function', 'name': 'sum', 'args': [{'name': 'values', 'default': None}, {'name': 'to_str', 'default': True}], 'keywords': {}}"
['OTC_SAPMY_2023.pdf'],1,302,[144],[0],What is the percentage reduction in the group-related total consumption of energy from 2022 to 2023?,QuantitativeResponseGenerator,reduction_percentage,15.24,"[5, 5]","[3, 5]",0,,"{'type': 'function', 'name': 'reduction_percentage', 'args': [{'name': 'values', 'default': None}, {'name': 'to_str', 'default': True}], 'keywords': {}}"
['OTC_SAPMY_2023.pdf'],1,302,[144],[0],What is the difference between the full consolidated and group-level percentage usage of energy from renewable sources in 2023?,QuantitativeResponseGenerator,reduction_difference,0.16,"[6, 6]","[4, 3]",0,,"{'type': 'function', 'name': 'reduction_difference', 'args': [{'name': 'values', 'default': None}, {'name': 'to_str', 'default': True}], 'keywords': {}}"
['OTC_SAPMY_2023.pdf'],1,302,[144],[0],What is the percentage decrease in group-realted energy intensity per milion of revenue from 2021 to 2022?,QuantitativeResponseGenerator,reduction_percentage,19.05,"[7, 7]","[7, 5]",0,,"{'type': 'function', 'name': 'reduction_percentage', 'args': [{'name': 'values', 'default': None}, {'name': 'to_str', 'default': True}], 'keywords': {}}"
['OTC_SAPMY_2023.pdf'],1,302,[144],[0],What is the average total group-related direct consumption of energy in TJ for the years 2022 and 2023?,QuantitativeResponseGenerator,average,15499.5,"[3, 3]","[3, 5]",0,,"{'type': 'function', 'name': 'average', 'args': [{'name': 'values', 'default': None}, {'name': 'to_str', 'default': True}], 'keywords': {}}"
['OTC_SAPMY_2023.pdf'],1,302,[144],[0],What is the reduction in total group-related indirect consumption of energy from 2022 to 2023?,QuantitativeResponseGenerator,reduction_difference,319.0,"[4, 4]","[5, 3]",0,,"{'type': 'function', 'name': 'reduction_difference', 'args': [{'name': 'values', 'default': None}, {'name': 'to_str', 'default': True}], 'keywords': {}}"
['OTC_SAPMY_2023.pdf'],1,302,[144],[0],"What is the sum of full consolidated energy consumption (in TJ) for the years 2021, 2022, and 2023?",QuantitativeResponseGenerator,sum,44559.0,"[5, 5, 5]","[4, 6, 8]",0,,"{'type': 'function', 'name': 'sum', 'args': [{'name': 'values', 'default': None}, {'name': 'to_str', 'default': True}], 'keywords': {}}"
['OTC_SAPMY_2023.pdf'],1,302,[144],[0],What is the difference in the total energy consumption when comparing the group related direct and indirect consumption of energy in 2021?,QuantitativeResponseGenerator,reduction_difference,13479.0,"[3, 4]","[7, 7]",1,,"{'type': 'function', 'name': 'reduction_difference', 'args': [{'name': 'values', 'default': None}, {'name': 'to_str', 'default': True}], 'keywords': {}}"
['OTC_SAPMY_2023.pdf'],1,302,[144],[0],What is the difference between total group-related energy consumption and direct consumption of energy in 2022?,QuantitativeResponseGenerator,reduction_difference,696.0,"[5, 3]","[5, 5]",1,,"{'type': 'function', 'name': 'reduction_difference', 'args': [{'name': 'values', 'default': None}, {'name': 'to_str', 'default': True}], 'keywords': {}}"
['OTC_SAPMY_2023.pdf'],1,302,[144],[0],What is the average of the total group-related direct and indirect consumption of energy for the year 2021 in TJ?,QuantitativeResponseGenerator,average,7431.5,"[3, 4]","[7, 7]",1,,"{'type': 'function', 'name': 'average', 'args': [{'name': 'values', 'default': None}, {'name': 'to_str', 'default': True}], 'keywords': {}}"
['OTC_SAPMY_2023.pdf'],1,302,[144],[0],What is the percentage difference in total group-related energy consumption when comparing the direct and indirect consumption of energy in 2023?,QuantitativeResponseGenerator,reduction_percentage,97.37,"[3, 4]","[3, 3]",1,,"{'type': 'function', 'name': 'reduction_percentage', 'args': [{'name': 'values', 'default': None}, {'name': 'to_str', 'default': True}], 'keywords': {}}"
['OTC_SAPMY_2023.pdf'],1,302,[144],[0],What is the average group-related total consumption of energy for the years 2023 and 2022?,QuantitativeResponseGenerator,average,16038.0,"[5, 5]","[3, 5]",0,,"{'type': 'function', 'name': 'average', 'args': [{'name': 'values', 'default': None}, {'name': 'to_str', 'default': True}], 'keywords': {}}"
['OTC_SAPMY_2023.pdf'],1,302,[144],[0],What is the average energy consumption from renewable sources in 2023 for both group-related and consolidated values?,QuantitativeResponseGenerator,average,9.84,"[6, 6]","[3, 4]",0,,"{'type': 'function', 'name': 'average', 'args': [{'name': 'values', 'default': None}, {'name': 'to_str', 'default': True}], 'keywords': {}}"
['OTC_SAPMY_2023.pdf'],1,302,[144],[0],What is the percentage increase in full consolidated energy consumption from 2021 to 2023?,QuantitativeResponseGenerator,increase_percentage,5.52,"[5, 5]","[4, 8]",0,,"{'type': 'function', 'name': 'increase_percentage', 'args': [{'name': 'values', 'default': None}, {'name': 'to_str', 'default': True}], 'keywords': {}}"
['OTC_SAPMY_2023.pdf'],1,302,[144],[0],What is the sum of full consolidated direct consumption of energy in terajoules from the years 2021 to 2023?,QuantitativeResponseGenerator,sum,27417.0,"[3, 3]","[4, 8]",0,,"{'type': 'function', 'name': 'sum', 'args': [{'name': 'values', 'default': None}, {'name': 'to_str', 'default': True}], 'keywords': {}}"
['OTC_SAPMY_2023.pdf'],1,302,[144],[0],What is the percentage increase in total full consolidated indirect consumption of energy from 2021 to 2022?,QuantitativeResponseGenerator,increase_percentage,3.83,"[4, 4]","[6, 8]",0,,"{'type': 'function', 'name': 'increase_percentage', 'args': [{'name': 'values', 'default': None}, {'name': 'to_str', 'default': True}], 'keywords': {}}"
['OTC_SAPMY_2023.pdf'],1,302,[144],[0],What is the sum of all full consolidated values of total consumption of energy in TJ from 2021 to 2023?,QuantitativeResponseGenerator,sum,44559.0,"[5, 5, 5]","[4, 6, 8]",0,,"{'type': 'function', 'name': 'sum', 'args': [{'name': 'values', 'default': None}, {'name': 'to_str', 'default': True}], 'keywords': {}}"
['OTC_SAPMY_2023.pdf'],1,302,[144],[0],"What is the average energy consumption, including both direct and indirect full consolidated consumption, for the year 2022?",QuantitativeResponseGenerator,average,8210.5,"[3, 4]","[6, 6]",1,,"{'type': 'function', 'name': 'average', 'args': [{'name': 'values', 'default': None}, {'name': 'to_str', 'default': True}], 'keywords': {}}"
['OTC_SAPMY_2023.pdf'],1,302,[144],[0],What is the difference between the total full-consolidated direct and indirect consumption of energy in 2021?,QuantitativeResponseGenerator,reduction_difference,12959.0,"[3, 4]","[8, 8]",1,,"{'type': 'function', 'name': 'reduction_difference', 'args': [{'name': 'values', 'default': None}, {'name': 'to_str', 'default': True}], 'keywords': {}}"
['OTC_SAPMY_2023.pdf'],1,302,[144],[0],What is the difference between full-consolidated direct and indirect energy consumption in 2021?,QuantitativeResponseGenerator,reduction_difference,12959.0,"[3, 4]","[8, 8]",1,,"{'type': 'function', 'name': 'reduction_difference', 'args': [{'name': 'values', 'default': None}, {'name': 'to_str', 'default': True}], 'keywords': {}}"
['OTC_SAPMY_2023.pdf'],1,302,[144],[0],What is the sum of the total full consolidated direct and indirect consumption of energy for the year 2021?,QuantitativeResponseGenerator,sum,13691.0,"[3, 4]","[8, 8]",1,,"{'type': 'function', 'name': 'sum', 'args': [{'name': 'values', 'default': None}, {'name': 'to_str', 'default': True}], 'keywords': {}}"
['OTC_SAPMY_2023.pdf'],1,302,[145],[0],What is the sum of group-level thermal energy and electricity consumed from the grid in MWh for the year 2023?,QuantitativeResponseGenerator,sum,40111.0,"[4, 6]","[3, 3]",1,,"{'type': 'function', 'name': 'sum', 'args': [{'name': 'values', 'default': None}, {'name': 'to_str', 'default': True}], 'keywords': {}}"
['OTC_SAPMY_2023.pdf'],1,302,[145],[0],What is the percentage reduction in group level electricity consumed from the grid when comparing the values for the year 2022 and 2023?,QuantitativeResponseGenerator,reduction_percentage,44.02,"[4, 4]","[5, 3]",0,,"{'type': 'function', 'name': 'reduction_percentage', 'args': [{'name': 'values', 'default': None}, {'name': 'to_str', 'default': True}], 'keywords': {}}"
['OTC_SAPMY_2023.pdf'],1,302,[145],[0],What is the increase in the group level amount of electricity self-produced from renewable sources when comparing the values from 2021 to 2023?,QuantitativeResponseGenerator,increase_difference,85.4,"[7, 7]","[7, 3]",0,,"{'type': 'function', 'name': 'increase_difference', 'args': [{'name': 'values', 'default': None}, {'name': 'to_str', 'default': True}], 'keywords': {}}"
['OTC_SAPMY_2023.pdf'],1,302,[145],[0],What is the percentage decrease in the total group-level indirect consumption of energy from 2022 to 2023?,QuantitativeResponseGenerator,reduction_percentage,48.45,"[3, 3]","[5, 3]",0,,"{'type': 'function', 'name': 'reduction_percentage', 'args': [{'name': 'values', 'default': None}, {'name': 'to_str', 'default': True}], 'keywords': {}}"
['OTC_SAPMY_2023.pdf'],1,302,[145],[0],What is the average group-level electricity consumed from the grid in MWh for the years 2023 and 2022?,QuantitativeResponseGenerator,average,53127.0,"[4, 4]","[3, 5]",0,,"{'type': 'function', 'name': 'average', 'args': [{'name': 'values', 'default': None}, {'name': 'to_str', 'default': True}], 'keywords': {}}"
['OTC_SAPMY_2023.pdf'],1,302,[145],[0],What is the reduction in thermal energy consumed (MWh) from 2022 to 2023 for the consolidated total?,QuantitativeResponseGenerator,reduction_difference,8089.0,"[6, 6]","[6, 4]",0,,"{'type': 'function', 'name': 'reduction_difference', 'args': [{'name': 'values', 'default': None}, {'name': 'to_str', 'default': True}], 'keywords': {}}"
['OTC_SAPMY_2023.pdf'],1,302,[145],[0],What is the sum of the group level electricity cosumed from the grid and produced from renewable sources in MWh for the years 2023 and 2021?,QuantitativeResponseGenerator,sum,21536.0,"[5, 5]","[4, 8]",0,,"{'type': 'function', 'name': 'sum', 'args': [{'name': 'values', 'default': None}, {'name': 'to_str', 'default': True}], 'keywords': {}}"
['OTC_SAPMY_2023.pdf'],1,302,[145],[0],How many megawatts per hour are consumed from the grid and do not come from renewable sources in 2023 (group level statistics)?,QuantitativeResponseGenerator,reduction_difference,23735.0,"[4, 5]","[3, 3]",1,,"{'type': 'function', 'name': 'reduction_difference', 'args': [{'name': 'values', 'default': None}, {'name': 'to_str', 'default': True}], 'keywords': {}}"
['OTC_SAPMY_2023.pdf'],1,302,[145],[0],What is the average cosumption of energy considering the thermal energy and electricity consumed from the grid in 2023 (group level statistics)?,QuantitativeResponseGenerator,average,20055.5,"[4, 6]","[3, 3]",1,,"{'type': 'function', 'name': 'average', 'args': [{'name': 'values', 'default': None}, {'name': 'to_str', 'default': True}], 'keywords': {}}"
['OTC_SAPMY_2023.pdf'],1,302,[145],[0],What is the average full consolidated electricity consumed from the grid (in MWh) over the years 2021 to 2023?,QuantitativeResponseGenerator,average,36144.0,"[4, 4, 4]","[4, 6, 8]",0,,"{'type': 'function', 'name': 'average', 'args': [{'name': 'values', 'default': None}, {'name': 'to_str', 'default': True}], 'keywords': {}}"
['OTC_SAPMY_2023.pdf'],1,302,[145],[0],What is the increase in full consolidated electricity self-produced from renewable sources between the years 2021 and 2023?,QuantitativeResponseGenerator,increase_difference,85.4,"[7, 7]","[8, 4]",0,,"{'type': 'function', 'name': 'increase_difference', 'args': [{'name': 'values', 'default': None}, {'name': 'to_str', 'default': True}], 'keywords': {}}"
['OTC_SAPMY_2023.pdf'],1,302,[145],[0],What is the percentage decrease in the total indirect consumption of energy from 2022 to 2023 when comparing the consolidated values?,QuantitativeResponseGenerator,reduction_percentage,17.42,"[3, 3]","[6, 4]",0,,"{'type': 'function', 'name': 'reduction_percentage', 'args': [{'name': 'values', 'default': None}, {'name': 'to_str', 'default': True}], 'keywords': {}}"
['OTC_SAPMY_2023.pdf'],1,302,[145],[0],"What is the total electricity consumed from the grid (in MWh) across the years 2021 to 2023, considering full consolidated values?",QuantitativeResponseGenerator,sum,108432.0,"[4, 4, 4]","[4, 6, 8]",0,,"{'type': 'function', 'name': 'sum', 'args': [{'name': 'values', 'default': None}, {'name': 'to_str', 'default': True}], 'keywords': {}}"
['OTC_SAPMY_2023.pdf'],1,302,[145],[0],What is the percentage reduction in full consolidated thermal energy consumed from 2022 to 2023?,QuantitativeResponseGenerator,reduction_percentage,80.36,"[6, 6]","[6, 4]",0,,"{'type': 'function', 'name': 'reduction_percentage', 'args': [{'name': 'values', 'default': None}, {'name': 'to_str', 'default': True}], 'keywords': {}}"
['OTC_SAPMY_2023.pdf'],1,302,[145],[0],What is the difference in the group level amount of electricity produced from renewable sources between the years 2022 and 2021?,QuantitativeResponseGenerator,reduction_difference,6766.0,"[5, 5]","[5, 7]",0,,"{'type': 'function', 'name': 'reduction_difference', 'args': [{'name': 'values', 'default': None}, {'name': 'to_str', 'default': True}], 'keywords': {}}"
['OTC_SAPMY_2023.pdf'],1,302,[145],[0],What is the average consumption of full consolidated thermal energy across the years 2023 and 2022?,QuantitativeResponseGenerator,average,6021.5,"[6, 6]","[4, 6]",0,,"{'type': 'function', 'name': 'average', 'args': [{'name': 'values', 'default': None}, {'name': 'to_str', 'default': True}], 'keywords': {}}"
['OTC_SAPMY_2023.pdf'],1,305,[147],[0],"What is the average group-level location-based emissions (in kt CO2eq) for the years 2021, 2022, and 2023?",QuantitativeResponseGenerator,average,4498.93,"[4, 4, 4]","[3, 5, 7]",0,,"{'type': 'function', 'name': 'average', 'args': [{'name': 'values', 'default': None}, {'name': 'to_str', 'default': True}], 'keywords': {}}"
['OTC_SAPMY_2023.pdf'],1,305,[147],[0],What is the difference in group-level market based emissions (in kt CO2eq) between the years 2023 and 2021?,QuantitativeResponseGenerator,reduction_difference,3784.1,"[6, 6]","[3, 7]",0,,"{'type': 'function', 'name': 'reduction_difference', 'args': [{'name': 'values', 'default': None}, {'name': 'to_str', 'default': True}], 'keywords': {}}"
['OTC_SAPMY_2023.pdf'],1,305,[147],[0],What is the percentage increase in group-level market-based emissions from 2021 to 2022?,QuantitativeResponseGenerator,increase_percentage,64.64,"[6, 6]","[5, 7]",0,,"{'type': 'function', 'name': 'increase_percentage', 'args': [{'name': 'values', 'default': None}, {'name': 'to_str', 'default': True}], 'keywords': {}}"
['OTC_SAPMY_2023.pdf'],1,305,[147],[0],What is the sum of the group-level market-based emissions for the years 2021 and 2023?,QuantitativeResponseGenerator,sum,9108.9,"[6, 6]","[7, 3]",0,,"{'type': 'function', 'name': 'sum', 'args': [{'name': 'values', 'default': None}, {'name': 'to_str', 'default': True}], 'keywords': {}}"
['OTC_SAPMY_2023.pdf'],1,305,[147],[0],What is the percentage increase in group-level market-based emissions between the years 2022 and 2023?,QuantitativeResponseGenerator,increase_percentage,47.07,"[6, 6]","[3, 5]",0,,"{'type': 'function', 'name': 'increase_percentage', 'args': [{'name': 'values', 'default': None}, {'name': 'to_str', 'default': True}], 'keywords': {}}"
['OTC_SAPMY_2023.pdf'],1,305,[147],[0],What is the reduction in emissions intensity 2 between the years 2021 and 2022?,QuantitativeResponseGenerator,reduction_difference,31.1,"[8, 8]","[5, 7]",0,,"{'type': 'function', 'name': 'increase_difference', 'args': [{'name': 'values', 'default': None}, {'name': 'to_str', 'default': True}], 'keywords': {}}"
['OTC_SAPMY_2023.pdf'],1,305,[147],[0],What is the average of full consolidated location and market based emissions in the year 2021?,QuantitativeResponseGenerator,average,2379.9,"[4, 6]","[8, 8]",1,,"{'type': 'function', 'name': 'average', 'args': [{'name': 'values', 'default': None}, {'name': 'to_str', 'default': True}], 'keywords': {}}"
['OTC_SAPMY_2023.pdf'],1,305,[147],[0],What is the percentage difference between full consolidated market and location based emissions for the year 2021?,QuantitativeResponseGenerator,reduction_percentage,2.0,"[4, 6]","[8, 8]",1,,"{'type': 'function', 'name': 'increase_difference', 'args': [{'name': 'values', 'default': None}, {'name': 'to_str', 'default': True}], 'keywords': {}}"
['OTC_SAPMY_2023.pdf'],1,305,[147],[0],What is the sum of the full consolidated location and market-based emissions for the year 2022?,QuantitativeResponseGenerator,sum,7283.0,"[4, 6]","[6, 6]",1,,"{'type': 'function', 'name': 'sum', 'args': [{'name': 'values', 'default': None}, {'name': 'to_str', 'default': True}], 'keywords': {}}"
['OTC_SAPMY_2023.pdf'],1,305,[147],[0],What is the percentage increase in full consolidated location-based emissions from the year 2021 to the year 2022?,QuantitativeResponseGenerator,increase_percentage,54.61,"[4, 4]","[8, 6]",0,,"{'type': 'function', 'name': 'increase_percentage', 'args': [{'name': 'values', 'default': None}, {'name': 'to_str', 'default': True}], 'keywords': {}}"
['OTC_SAPMY_2023.pdf'],1,305,[147],[0],What is the increase between the full consolidated market-based emissions from 2022 to 2023?,QuantitativeResponseGenerator,increase_difference,2699.7,"[6, 6]","[4, 6]",0,,"{'type': 'function', 'name': 'increase_difference', 'args': [{'name': 'values', 'default': None}, {'name': 'to_str', 'default': True}], 'keywords': {}}"
['OTC_SAPMY_2023.pdf'],1,305,[147],[0],What is the percentage increase in group-level market-based emissions from 2021 to 2022?,QuantitativeResponseGenerator,increase_percentage,64.64,"[6, 6]","[7, 5]",0,,"{'type': 'function', 'name': 'increase_percentage', 'args': [{'name': 'values', 'default': None}, {'name': 'to_str', 'default': True}], 'keywords': {}}"
['OTC_SAPMY_2023.pdf'],1,305,[147],[0],"What is the average full consolidated market-based emissions (in kt CO2eq) for the years 2021, 2022, and 2023?",QuantitativeResponseGenerator,average,4128.2,"[6, 6, 6]","[4, 6, 8]",0,,"{'type': 'function', 'name': 'average', 'args': [{'name': 'values', 'default': None}, {'name': 'to_str', 'default': True}], 'keywords': {}}"
['OTC_SAPMY_2023.pdf'],1,305,[147],[0],What is the reduction in emission intensity (in kt CO2 eq/mln) from 2022 to 2023?,QuantitativeResponseGenerator,reduction_difference,37.7,"[8, 8]","[3, 5]",0,,"{'type': 'function', 'name': 'reduction_difference', 'args': [{'name': 'values', 'default': None}, {'name': 'to_str', 'default': True}], 'keywords': {}}"
['OTC_SAPMY_2023.pdf'],1,305,[147],[0],What is the sum of the emission intensity (in kt CO2 eq/mln) from 2021 to 2023?,QuantitativeResponseGenerator,sum,369.6,"[8, 8, 8]","[3, 5, 7]",0,,"{'type': 'function', 'name': 'sum', 'args': [{'name': 'values', 'default': None}, {'name': 'to_str', 'default': True}], 'keywords': {}}"
['OTC_SAPMY_2023.pdf'],1,305,[147],[0],What is the difference between full consolidated location and market based emissions in 2023?,QuantitativeResponseGenerator,reduction_difference,0.1,"[4, 6]","[4, 4]",1,,"{'type': 'function', 'name': 'reduction_difference', 'args': [{'name': 'values', 'default': None}, {'name': 'to_str', 'default': True}], 'keywords': {}}"
